ProductId,Gender,Category,SubCategory,ProductType,Colour,Usage,ProductTitle,Image,ImageURL
4191,Boys,Apparel,Topwear,Tshirts,Green,Casual,Disney Kids Boy's Green Little Friends Kidswear,4191.jpg,http://assets.myntassets.com/v1/images/style/properties/465b3aadceb752c774b4d9143304b37c_images.jpg
4464,Boys,Apparel,Topwear,Tshirts,Red,Casual,Disney Boy's Jack Sparrow Fight Red Teen Kidswear,4464.jpg,http://assets.myntassets.com/v1/images/style/properties/f934165e7b6edb1c8a2c79d2f37a4b56_images.jpg
39855,Boys,Apparel,Topwear,Tshirts,Black,Casual,Gini and Jony Boys Printed Black T-Shirt,39855.jpg,http://assets.myntassets.com/v1/images/style/properties/6fa45d21a0d6194932652bfcaf4c0e2b_images.jpg
12844,Boys,Apparel,Topwear,Tshirts,Multi,Casual,Ant Kids Boys Multicoloured Striped T-shirts,12844.jpg,http://assets.myntassets.com/v1/images/style/properties/Ant-Kids-Boys-Grafitti-Brown-Tshirts_c909c04993ffbde8aa3ae77ab537a854_images.jpg
38942,Boys,Apparel,Topwear,Shirts,White,Casual,Gini and Jony Boys Check White Shirt,38942.jpg,http://assets.myntassets.com/v1/images/style/properties/6cae46f3cea403b6f6cd944504e47338_images.jpg
33304,Boys,Apparel,Topwear,Tshirts,Yellow,Casual,Gini and Jony Boys Pack of 2 T-shirts,33304.jpg,http://assets.myntassets.com/v1/images/style/properties/8f70720a7471ab797d7e0be3fca31bb8_images.jpg
5430,Boys,Apparel,Topwear,Shirts,Green,Casual,Ant Kids Boy's White Check Kidswear,5430.jpg,http://assets.myntassets.com/v1/images/style/properties/c3c1572a5da5f253e4bb1dbcf208a40d_images.jpg
4190,Boys,Apparel,Topwear,Tshirts,Yellow,Casual,Disney Kids Boy's Yellow Little Friends Kidswear,4190.jpg,http://assets.myntassets.com/v1/images/style/properties/d557b76f1e3b2953c91f08ffe0800760_images.jpg
8326,Boys,Apparel,Topwear,Tshirts,Green,Casual,Doodle Boy's Stripper Green Kidswear,8326.jpg,http://assets.myntassets.com/v1/images/style/properties/a751858b30c5e55904b3dc017c38f9af_images.jpg
39843,Boys,Apparel,Topwear,Tshirts,Navy Blue,Casual,Gini and Jony Boys Printed Dark Navy T-Shirt,39843.jpg,http://assets.myntassets.com/v1/images/style/properties/9f650c04e26d32997d68ed6a491a3984_images.jpg
39316,Boys,Apparel,Topwear,Tshirts,White,Casual,Gini and Jony Boys Printed White T-shirt,39316.jpg,http://assets.myntassets.com/v1/images/style/properties/9153414fe7025ec5eea9b952750034e4_images.jpg
39754,Boys,Apparel,Topwear,Jackets,Red,Casual,Gini Jony Boys Printed Red Jacket,39754.jpg,http://assets.myntassets.com/v1/images/style/properties/5fd6d94ac27cfadc13c658deb98d4a76_images.jpg
3324,Boys,Apparel,Topwear,Tshirts,Blue,Sports,KKR Boys Fangear Tee,3324.jpg,http://assets.myntassets.com/v1/images/style/properties/90ee2e925d4247254bfa867b8f81f30b_images.jpg
40136,Boys,Apparel,Topwear,Tshirts,White,Casual,Gini and Jony Boys Around The World White T-shirt,40136.jpg,http://assets.myntassets.com/v1/images/style/properties/8e5d4f53f86affd48fc52bfb2ba696f5_images.jpg
35892,Boys,Apparel,Topwear,Tshirts,White,Casual,Jungle Book Boys Lucky White T-shirt,35892.jpg,http://assets.myntassets.com/v1/images/style/properties/d08dc8fd391c00f27388e2b3b2f0cce1_images.jpg
35439,Boys,Apparel,Topwear,Shirts,Black,Casual,Doodle Boys Check Black Shirt,35439.jpg,http://assets.myntassets.com/v1/images/style/properties/505a6b440aeb272aa79232d2bbe582fb_images.jpg
33306,Boys,Apparel,Bottomwear,Jeans,Grey,Casual,Gini and Jony Boys Washed Grey Jeans,33306.jpg,http://assets.myntassets.com/v1/images/style/properties/11f5978148dd4e1c6a18d4f659f1e668_images.jpg
40130,Boys,Apparel,Topwear,Shirts,White,Casual,Gini and Jony Boys Core White Shirt,40130.jpg,http://assets.myntassets.com/v1/images/style/properties/94578e0e1a9c20949c6fc2d638cf101e_images.jpg
50715,Boys,Apparel,Topwear,Tshirts,White,Casual,Doodle Boys White Printed T-Shirt,50715.jpg,http://assets.myntassets.com/v1/images/style/properties/37361e7b815ded3efcb96f41f4fd21d7_images.jpg
37526,Boys,Apparel,Topwear,Rompers,Yellow,Casual,Madagascar3 Infant Girls Lemon Yellow Snapsuit Romper,37526.jpg,http://assets.myntassets.com/v1/images/style/properties/1f03aa544c00ed62bc3816f1a131e35b_images.jpg
15577,Boys,Apparel,Topwear,Tshirts,Blue,Casual,Chhota Bheem Kids Boys Warrior Bheem TShirt,15577.jpg,http://assets.myntassets.com/v1/images/style/properties/8300dad8fcd61c63f67f7f591af41546_images.jpg
40955,Boys,Apparel,Topwear,Tshirts,Red,Casual,Gini and Jony Boys Rodeo Red T-shirt,40955.jpg,http://assets.myntassets.com/v1/images/style/properties/cd99558b2e3241e5d0437e6f258ed885_images.jpg
40950,Boys,Apparel,Topwear,Tshirts,Black,Casual,Gini and Jony Boys Core Black T-shirt,40950.jpg,http://assets.myntassets.com/v1/images/style/properties/f710f3296161662a55e1d522a628e401_images.jpg
36322,Boys,Apparel,Topwear,Tshirts,White,Casual,Mr.Men Boys Mr. Scatterbrain White T-shirt,36322.jpg,http://assets.myntassets.com/v1/images/style/properties/61ff7587ddad508a0f3d3650424555f8_images.jpg
36000,Boys,Apparel,Topwear,Tshirts,Navy Blue,Casual,Ben 10 Boys Navy Blue T-shirt,36000.jpg,http://assets.myntassets.com/v1/images/style/properties/4cb9aa5af5e6313197709ce16bfc7fc8_images.jpg
35459,Boys,Apparel,Topwear,Tshirts,Pink,Casual,Doodle Boys Printed Pink T-shirt,35459.jpg,http://assets.myntassets.com/v1/images/style/properties/e2067b16381f72fdf218803a6c0fac98_images.jpg
36205,Boys,Apparel,Topwear,Shirts,White,Casual,Gini Jony Boys White Shirt,36205.jpg,http://assets.myntassets.com/v1/images/style/properties/048b3b1f617d08d1c0d97508a6fa042a_images.jpg
39858,Boys,Apparel,Topwear,Tshirts,Yellow,Casual,Gini and Jony Boys Printed Yellow T-Shirt,39858.jpg,http://assets.myntassets.com/v1/images/style/properties/90e6d8c344888055a6d79fcc76f3d5b7_images.jpg
41987,Boys,Apparel,Topwear,Tshirts,Blue,Casual,Gini and Jony Boys Core Blue T-shirt,41987.jpg,http://assets.myntassets.com/v1/images/style/properties/0983bdf4bfcd63e09e99ef12c3184b97_images.jpg
37533,Boys,Apparel,Innerwear,Innerwear Vests,Yellow,Casual,Madagascar3 Boys Yellow Innerwear Vest,37533.jpg,http://assets.myntassets.com/v1/images/style/properties/e6379ab61d960ed7159ddde764d1d567_images.jpg
10649,Boys,Apparel,Topwear,Shirts,White,Casual,Doodle Boys Grand Prix White Shirt,10649.jpg,http://assets.myntassets.com/v1/images/style/properties/Doodle-Boy-Grand-Prix-Blue-Shirts_755156e9ed54fce087dddb94193ce811_images.jpg
24910,Boys,Apparel,Topwear,Tshirts,Navy Blue,Casual,United Colors of Benetton Kids Boys Navy Blue Printed T-shirt,24910.jpg,http://assets.myntassets.com/v1/images/style/properties/fa9da97432df1459c91855a114bfd518_images.jpg
40925,Boys,Apparel,Bottomwear,Jeans,Blue,Casual,Gini and Jony Boys Comics Blue Jeans,40925.jpg,http://assets.myntassets.com/v1/images/style/properties/6303d1b19005036148228a9f8ae5bbab_images.jpg
39753,Boys,Apparel,Bottomwear,Trousers,Khaki,Casual,Gini Jony Boys Khaki Trousers,39753.jpg,http://assets.myntassets.com/v1/images/style/properties/c4a144ddce2009d29bddc007fcf8fbef_images.jpg
36720,Boys,Apparel,Topwear,Tshirts,Black,Casual,Palm Tree Boys Printed Black T-Shirt,36720.jpg,http://assets.myntassets.com/v1/images/style/properties/a0344ed77e2694f47c4418d974ced101_images.jpg
36719,Boys,Apparel,Topwear,Tshirts,Black,Casual,Gini and Jony Boys Printed Black T-Shirt,36719.jpg,http://assets.myntassets.com/v1/images/style/properties/acd76992b083c7c38cfc22a38901cc74_images.jpg
39320,Boys,Apparel,Bottomwear,Shorts,Navy Blue,Casual,Gini and Jony Boys Navy Blue Shorts,39320.jpg,http://assets.myntassets.com/v1/images/style/properties/4e5604b90798ff57a6a84b34cd788b8e_images.jpg
38996,Boys,Apparel,Bottomwear,Jeans,Blue,Casual,Gini and Jony Boys Rodeo Blue Jeans,38996.jpg,http://assets.myntassets.com/v1/images/style/properties/002493e07706ef9a37a3d73701e7b909_images.jpg
37342,Boys,Apparel,Topwear,Tshirts,Blue,Casual,U.S. Polo Assn. Kids Boys Blue T-shirt,37342.jpg,http://assets.myntassets.com/v1/images/style/properties/US-Polo-Assn-Kids-Boys-Blue-T-shirt_9db2ed3ca99c3682aa1e20c34b2cf98c_images.jpg
35873,Boys,Apparel,Topwear,Tshirts,White,Casual,Marvel Boys Comics White T-shirt,35873.jpg,http://assets.myntassets.com/v1/images/style/properties/bb50279ae21ccb32ed2fd9cecb193521_images.jpg
33307,Boys,Apparel,Bottomwear,Jeans,Grey,Casual,Gini and Jony Boys Washed Grey Jeans,33307.jpg,http://assets.myntassets.com/v1/images/style/properties/Palm-Tree-Boys-Washed-Grey-Jeans_f6e1b68006d3856d4cfb84602c565379_images.jpg
41980,Boys,Apparel,Topwear,Tshirts,White,Casual,Gini and Jony Boys Rodeo White T-shirt,41980.jpg,http://assets.myntassets.com/v1/images/style/properties/9b0d9665b5ecb6d942800b37d95ecbaa_images.jpg
4205,Boys,Apparel,Topwear,Tshirts,Red,Casual,Disney Kids Boy's Red Mickey Since 1928 Tee Kidswear,4205.jpg,http://assets.myntassets.com/v1/images/style/properties/8a7a3614c6bfa47b4fd01a0a50ca7427_images.jpg
38492,Boys,Apparel,Topwear,Tshirts,Yellow,Casual,Gini and Jony Boys Core Yellow T-shirt,38492.jpg,http://assets.myntassets.com/v1/images/style/properties/5990245b18f2acd0c75fce28da431ecc_images.jpg
38955,Boys,Apparel,Topwear,Tshirts,Green,Casual,Palm Tree Boys Printed Green T-shirt,38955.jpg,http://assets.myntassets.com/v1/images/style/properties/305ddf158ef8b1169139e8f6883ec554_images.jpg
2719,Boys,Apparel,Bottomwear,Trousers,Blue,Casual,Disney Kids Boy's Tiger Print Denim Pants,2719.jpg,http://assets.myntassets.com/v1/images/style/properties/4ebefa2291984ff0ffab0d1f11120248_images.jpg
34041,Boys,Apparel,Topwear,Shirts,Red,Casual,Gini and Jony Boys Check Red Shirt,34041.jpg,http://assets.myntassets.com/v1/images/style/properties/a96efca0f29cae8afbea610f0eeab7a8_images.jpg
35894,Boys,Apparel,Topwear,Tshirts,Green,Casual,Jungle Book Boys Bagheera Green T-shirt,35894.jpg,http://assets.myntassets.com/v1/images/style/properties/e6b504645f058120a0b13b6d077c73fd_images.jpg
42594,Boys,Apparel,Bottomwear,Jeans,Blue,Casual,United Colors of Benetton Boys Blue Slim Fit Jeans,42594.jpg,http://assets.myntassets.com/v1/images/style/properties/United-Colors-of-Benetton-Men-Trousers_af9e84da3ae7ff20637236faeb21ca9c_images.jpg
37514,Boys,Apparel,Bottomwear,Leggings,Yellow,Casual,Madagascar3 Infant Boys Lemon Yellow Leggings,37514.jpg,http://assets.myntassets.com/v1/images/style/properties/99738a8dd101a94788b498c2d31bfd45_images.jpg
8336,Boys,Apparel,Topwear,Tshirts,Red,Casual,Doodle Boy's 77 Juniors League Red White Kidswear,8336.jpg,http://assets.myntassets.com/v1/images/style/properties/7545c0c9c543d5a9782b4c2cdfb7e7a9_images.jpg
34035,Boys,Apparel,Topwear,Shirts,Navy Blue,Casual,Gini and Jony Boys Check Navy Blue Shirt,34035.jpg,http://assets.myntassets.com/v1/images/style/properties/667ee9a5f138ed9b5841f0fe78631a3e_images.jpg
36200,Boys,Apparel,Topwear,Jackets,Red,Casual,Gini Jony Boys Printed Red Jacket,36200.jpg,http://assets.myntassets.com/v1/images/style/properties/8f3abb6016a6df37508e7397a062fbb0_images.jpg
2746,Boys,Apparel,Topwear,Tshirts,Yellow,Casual,Disney Kids Boy's Yellow Polo Tshirt,2746.jpg,http://assets.myntassets.com/v1/images/style/properties/4d9fe3fa84adc4a70eb29d4b4df44b7c_images.jpg
34184,Boys,Apparel,Topwear,Tshirts,Yellow,Casual,Gini and Jony Boys Yellow T-shirt,34184.jpg,http://assets.myntassets.com/v1/images/style/properties/036f8c7e9a9c0eb0f8101e692357ba4d_images.jpg
8323,Boys,Apparel,Topwear,Tshirts,White,Casual,Doodle Boy's Athletic 77 Dept White Kidswear,8323.jpg,http://assets.myntassets.com/v1/images/style/properties/6ad721173c210760b62f103499d1fc48_images.jpg
4210,Boys,Apparel,Topwear,Tshirts,Blue,Casual,Disney Kids Boy's Blue Mickey Mouse Kidswear,4210.jpg,http://assets.myntassets.com/v1/images/style/properties/c488ace119583d86a6f8aad3a413b714_images.jpg
34026,Boys,Apparel,Topwear,Tshirts,White,Casual,Gini and Jony Boys White Printed T-shirt,34026.jpg,http://assets.myntassets.com/v1/images/style/properties/9eb7ae8020b8ce892daad5ae5c7df7e4_images.jpg
34025,Boys,Apparel,Topwear,Tshirts,White,Casual,Gini and Jony Boys Printed White T-shirt,34025.jpg,http://assets.myntassets.com/v1/images/style/properties/aee4e7da5b9106160a19c24964874b0c_images.jpg
8341,Boys,Apparel,Topwear,Tshirts,Green,Casual,Doodle Boy's Volleyball Champion Green White Kidswear,8341.jpg,http://assets.myntassets.com/v1/images/style/properties/377ccb44d1f75caae79fc19ba10bbe71_images.jpg
4202,Boys,Apparel,Topwear,Tshirts,Navy Blue,Casual,Disney Kids Boy's Navy Crew Sea Life Sialing Kidswear,4202.jpg,http://assets.myntassets.com/v1/images/style/properties/1b5a7e41906856688ca16ee3b59acaa6_images.jpg
34098,Boys,Apparel,Topwear,Shirts,Multi,Casual,Doodle Boys Check Multi Coloured Shirt,34098.jpg,http://assets.myntassets.com/v1/images/style/properties/d4f2090a2b6fdc38abeddef4bf53d388_images.jpg
35889,Boys,Apparel,Topwear,Tshirts,Yellow,Casual,Jungle Book Boys Follow The Tracks Yellow T-shirt,35889.jpg,http://assets.myntassets.com/v1/images/style/properties/3805b862ccc50b19da4c69fdb9ae85f4_images.jpg
35438,Boys,Apparel,Topwear,Shirts,Multi,Casual,Doodle Boys Check Multi Coloured Shirt,35438.jpg,http://assets.myntassets.com/v1/images/style/properties/8ce7969a987ef26826fa6886242c1e2e_images.jpg
52129,Boys,Apparel,Topwear,Tshirts,White,Casual,Doodle Boys white Printed T-Shirt,52129.jpg,http://assets.myntassets.com/v1/images/style/properties/307975accb512b5141680b37e398455e_images.jpg
33260,Boys,Apparel,Topwear,Shirts,White,Casual,Gini and Jony Boys Check White Shirt,33260.jpg,http://assets.myntassets.com/v1/images/style/properties/cf75b9b64f077434d75511370c04cb7f_images.jpg
8335,Boys,Apparel,Topwear,Tshirts,Green,Casual,Doodle Boy's Touring Championship Green Teen Kidswear,8335.jpg,http://assets.myntassets.com/v1/images/style/properties/aa2f1acd5547a9e0b3705c7347a6fa8c_images.jpg
38478,Boys,Apparel,Topwear,Shirts,Red,Casual,Gini and Jony Boys Rodeo Red Shirts,38478.jpg,http://assets.myntassets.com/v1/images/style/properties/efe725b2305255d13f931a78a899f88a_images.jpg
15576,Boys,Apparel,Topwear,Tshirts,Olive,Casual,Chhota Bheem Kids Boys Double Trouble TShirt,15576.jpg,http://assets.myntassets.com/v1/images/style/properties/04ef75640e17e12edacb33e93a01cc2d_images.jpg
10054,Boys,Apparel,Topwear,Tshirts,Blue,Sports,Reebok Kids Kkr Boy's Premium Blue Jerseys,10054.jpg,http://assets.myntassets.com/v1/images/style/properties/dd87d19692f01880e34a6cf2b0bd9b22_images.jpg
37341,Boys,Apparel,Topwear,Tshirts,Orange,Casual,U.S. Polo Assn. Kids Boys Orange T-shirt,37341.jpg,http://assets.myntassets.com/v1/images/style/properties/US-Polo-Assn-Kids-Boys-Orange-T-shirt_a7c1b583f1c04c05f9bd6ffca5358241_images.jpg
31112,Boys,Apparel,Bottomwear,Capris,Yellow,Casual,Gini and Jony Boys Yellow 3/4 Length Pants,31112.jpg,http://assets.myntassets.com/v1/images/style/properties/fd9367b47bab47d836de4790de73ae40_images.jpg
36718,Boys,Apparel,Topwear,Tshirts,Yellow,Casual,Gini and Jony Boys Printed Yellow T-Shirt,36718.jpg,http://assets.myntassets.com/v1/images/style/properties/a27fdce353710b0c4b02aa58a15bf1ca_images.jpg
41985,Boys,Apparel,Topwear,Tshirts,Yellow,Casual,Gini and Jony Boys Under The SunYellow T-shirt,41985.jpg,http://assets.myntassets.com/v1/images/style/properties/f85a000cb1db854b5a9ab51df4bdaf25_images.jpg
36318,Boys,Apparel,Topwear,Tshirts,Red,Casual,Mr. Men Boys Mr. Bump Red T-shirt,36318.jpg,http://assets.myntassets.com/v1/images/style/properties/5b34b4282c2e3438d8dd4bf7f8587479_images.jpg
31107,Boys,Apparel,Topwear,Tshirts,Green,Casual,Gini and Jony Boys Printed Green T-shirt,31107.jpg,http://assets.myntassets.com/v1/images/style/properties/9c25cb7531fabcb71a619616321e73ab_images.jpg
43696,Boys,Apparel,Topwear,Tshirts,Yellow,Casual,Doodle Boys Printed Yellow T-shirt,43696.jpg,http://assets.myntassets.com/v1/images/style/properties/376d43b320f3a84d9bc7157e53b31d7b_images.jpg
31147,Boys,Apparel,Topwear,Shirts,Blue,Casual,Gini and Jony Boys Check Blue Shirt,31147.jpg,http://assets.myntassets.com/v1/images/style/properties/dec50867e46d134a626b14ec8672af2a_images.jpg
50713,Boys,Apparel,Topwear,Tshirts,Yellow,Casual,Doodle Boys Yellow Printed T-Shirt,50713.jpg,http://assets.myntassets.com/v1/images/style/properties/97859c2f1a122c26c69f08beb338266e_images.jpg
34191,Boys,Apparel,Topwear,Tshirts,Red,Casual,Gini and Jony Boys Printed Red T-shirt,34191.jpg,http://assets.myntassets.com/v1/images/style/properties/a58238cab3ee8b2527cf9f19e5d0cb38_images.jpg
41957,Boys,Apparel,Topwear,Tshirts,Grey,Casual,Gini and Jony Boys Surfs Up Grey T-shirt,41957.jpg,http://assets.myntassets.com/v1/images/style/properties/c88cfe8da45426f28e184159032c7573_images.jpg
37529,Boys,Apparel,Innerwear,Innerwear Vests,Yellow,Casual,Madagascar3 Boys Yellow Innerwear Vest,37529.jpg,http://assets.myntassets.com/v1/images/style/properties/e67707d3380edd316b37f41ed4e83e71_images.jpg
41234,Boys,Apparel,Bottomwear,Shorts,Black,Casual,Gini and Jony Boys Black Shorts,41234.jpg,http://assets.myntassets.com/v1/images/style/properties/451ec9cf12abca1c10721be1c7317026_images.jpg
39331,Boys,Apparel,Topwear,Tshirts,White,Casual,Gini & Jony Boys White T-shirt,39331.jpg,http://assets.myntassets.com/v1/images/style/properties/56d4411af0938a2590b41f144a4d374f_images.jpg
31113,Boys,Apparel,Bottomwear,Capris,Navy Blue,Casual,Gini and Jony Boys Washed Navy Blue 3/4 Length Pants,31113.jpg,http://assets.myntassets.com/v1/images/style/properties/f68a42c5db8cecc8b53c37364055fa42_images.jpg
40934,Boys,Apparel,Topwear,Shirts,White,Casual,Gini and JonyBoys Around the World White Shirts,40934.jpg,http://assets.myntassets.com/v1/images/style/properties/3f8bd2857ec6eae50e6fad34024acf62_images.jpg
24873,Boys,Apparel,Topwear,Tshirts,White,Casual,United Colors of Benetton Kids Boys White Striped T-shirt,24873.jpg,http://assets.myntassets.com/v1/images/style/properties/f3bd7cb3642f87d379e544d930008af1_images.jpg
4189,Boys,Apparel,Topwear,Tshirts,Red,Casual,Disney Kids Boy's Red Stripes Little Captain Kidswear,4189.jpg,http://assets.myntassets.com/v1/images/style/properties/4d2dc5a955a5b6c62c0c80192cda773d_images.jpg
34099,Boys,Apparel,Topwear,Tshirts,White,Casual,Doodle Boys Printed White T-shirt,34099.jpg,http://assets.myntassets.com/v1/images/style/properties/4a31e1ebbcbec23ff5ff6f56d68d0db3_images.jpg
31092,Boys,Apparel,Topwear,Shirts,Maroon,Casual,Gini and Jony Boys Maroon Shirt,31092.jpg,http://assets.myntassets.com/v1/images/style/properties/4c597974aeb61550689976433e6f6d42_images.jpg
40957,Boys,Apparel,Topwear,Tshirts,Blue,Casual,Gini and Jony Boys Comics Blue T-shirt,40957.jpg,http://assets.myntassets.com/v1/images/style/properties/af9554b53bf1e98ecdc992f98e236d75_images.jpg
34260,Boys,Apparel,Topwear,Tshirts,Red,Casual,Gini and Jony Boys Printed Red T-shirt,34260.jpg,http://assets.myntassets.com/v1/images/style/properties/3390909d8edd2765c656354c3871bbf1_images.jpg
39315,Boys,Apparel,Topwear,Tshirts,Yellow,Casual,Gini and Jony Boys Printed Yellow T-shirt,39315.jpg,http://assets.myntassets.com/v1/images/style/properties/392bd024147b4d798f1137d1252f55f3_images.jpg
46731,Boys,Apparel,Topwear,Tshirts,Red,Casual,Gini and Jony Boys Red Printed T-Shirt,46731.jpg,http://assets.myntassets.com/v1/images/style/properties/Palm-Tree-Boys-Red-Printed-T-Shirt_329ea299ef158753adc55ed41664d828_images.jpg
41748,Boys,Apparel,Topwear,Tshirts,Green,Casual,Doodle Boys Stripes Green T-shirt,41748.jpg,http://assets.myntassets.com/v1/images/style/properties/7c24d49532b50002fe859eb9afd56b63_images.jpg
40129,Boys,Apparel,Topwear,Shirts,Navy Blue,Casual,Gini and Jony BoysCore Navy Blue Shirt,40129.jpg,http://assets.myntassets.com/v1/images/style/properties/00bc9c8675d7bcd2df2d6cc7ead3c798_images.jpg
41305,Boys,Apparel,Topwear,Tshirts,Red,Casual,Gini and Jony Boys Red & Blue Striped Tshirt,41305.jpg,http://assets.myntassets.com/v1/images/style/properties/bad9ca35ca35b8ef3f0c06961fdfac54_images.jpg
4219,Boys,Apparel,Topwear,Tshirts,Orange,Casual,Disney Kids Boy's Orange Colour Blast Kidswear,4219.jpg,http://assets.myntassets.com/v1/images/style/properties/3a09c843c9e53943e68db665eacd581b_images.jpg
34682,Boys,Apparel,Topwear,Tshirts,White,Casual,Allen Solly Kids Boys Printed White T-shirt,34682.jpg,http://assets.myntassets.com/v1/images/style/properties/67578dfa8835ab123b647c304bff2258_images.jpg
17614,Boys,Apparel,Topwear,Tshirts,Black,Casual,Doodle Boys Cycle Black Tshirt,17614.jpg,http://assets.myntassets.com/v1/images/style/properties/09dd35df9cf46ee4b0e00f3d809e93bf_images.jpg
37600,Boys,Apparel,Topwear,Tshirts,Red,Casual,Madagascar3 Boys Red Printed T-Shirt,37600.jpg,http://assets.myntassets.com/v1/images/style/properties/e47db624e155b478209b5eac72034dbd_images.jpg
4325,Boys,Apparel,Topwear,Tshirts,Blue,Casual,Tantra Kid's Unisex Stop Turqoise Kidswear,4325.jpg,http://assets.myntassets.com/v1/images/style/properties/42f4aee57d56900770f6bd19aa9e4ed0_images.jpg
36725,Boys,Apparel,Topwear,Tshirts,Green,Casual,Gini and Jony Boys Polo Green T-Shirt,36725.jpg,http://assets.myntassets.com/v1/images/style/properties/17abee98e6dc6681173dd1515324212a_images.jpg
37520,Boys,Apparel,Bottomwear,Shorts,Yellow,Casual,Madagascar3 Infant Boys Lemon Yellow Shorts,37520.jpg,http://assets.myntassets.com/v1/images/style/properties/fa94c19ae0b928f1619ccd75f8ff41ac_images.jpg
34048,Boys,Apparel,Topwear,Shirts,White,Casual,Gini and Jony Boys White Shirt,34048.jpg,http://assets.myntassets.com/v1/images/style/properties/488819e45e39086f0127d430bfc66a38_images.jpg
39749,Boys,Apparel,Bottomwear,Shorts,Beige,Casual,Gini Jony Boys Beige Shorts,39749.jpg,http://assets.myntassets.com/v1/images/style/properties/4d4dc9b8b7042778b3ff62d8cc157aa2_images.jpg
34038,Boys,Apparel,Topwear,Shirts,Red,Casual,Gini and Jony Boys Check Red Shirt,34038.jpg,http://assets.myntassets.com/v1/images/style/properties/95b4fd12eab9acd511b805a11601c92c_images.jpg
54933,Boys,Apparel,Topwear,Tshirts,Beige,Casual,Do u speak green Boys Beige T-shirt,54933.jpg,http://assets.myntassets.com/v1/images/style/properties/Do-u-speak-green-Boys-Beige-T-shirt_3d8253deacb8a3de9123611ae79b7652_images.jpg
38494,Boys,Apparel,Topwear,Tshirts,Green,Casual,Gini and Jony Boys United Green T-shirt,38494.jpg,http://assets.myntassets.com/v1/images/style/properties/76787f70a91d57f216c5f01ac354482c_images.jpg
34023,Boys,Apparel,Topwear,Tshirts,Green,Casual,Palm Tree Boys Printed Green T-shirt,34023.jpg,http://assets.myntassets.com/v1/images/style/properties/0e920cd506d955d767b0c3c9f19825e7_images.jpg
12847,Boys,Apparel,Topwear,Tshirts,Black,Casual,Ant Kids Boys National Champion Black Tshirts,12847.jpg,http://assets.myntassets.com/v1/images/style/properties/09359395fafdff5f790e205af6465a8b_images.jpg
40138,Boys,Apparel,Topwear,Tshirts,Yellow,Casual,Gini and Jony Boys Under The Sun Yellow T-shirt,40138.jpg,http://assets.myntassets.com/v1/images/style/properties/8aa81b63ed80eca1630464364e4669dc_images.jpg
31158,Boys,Apparel,Topwear,Tshirts,Yellow,Casual,Gini and Jony Boys Yellow T-shirt,31158.jpg,http://assets.myntassets.com/v1/images/style/properties/4f7b1f58f01cc248b3d1c5f5cf638896_images.jpg
41754,Boys,Apparel,Topwear,Tshirts,White,Casual,Doodle Boys Printed White T-shirt,41754.jpg,http://assets.myntassets.com/v1/images/style/properties/713f82eea13fbd91a590c2926ae99be8_images.jpg
34059,Boys,Apparel,Bottomwear,Shorts,Grey,Casual,Gini and Jony Boys Grey Shorts,34059.jpg,http://assets.myntassets.com/v1/images/style/properties/0b6894dcbd20cc321faab828ccf3d2fa_images.jpg
36321,Boys,Apparel,Topwear,Tshirts,Blue,Casual,Mr.Men Boys A Lot Of Work Blue T-shirt,36321.jpg,http://assets.myntassets.com/v1/images/style/properties/1eaf2f8f8a1aa9825d5f96129f3ac6d5_images.jpg
38952,Boys,Apparel,Topwear,Tshirts,Navy Blue,Casual,Gini and Jony Boys Pack of 2 T-shirts,38952.jpg,http://assets.myntassets.com/v1/images/style/properties/b88f71d3c86778f3667ff9296d62c8dc_images.jpg
31101,Boys,Apparel,Topwear,Shirts,Black,Casual,Gini and Jony Boys Check Black Shirt,31101.jpg,http://assets.myntassets.com/v1/images/style/properties/4a505bef2f41b38b56aeff5746327aa5_images.jpg
40923,Boys,Apparel,Bottomwear,Jeans,Blue,Casual,Gini and Jony Boys Jeans Blue Jeans,40923.jpg,http://assets.myntassets.com/v1/images/style/properties/a6c1602f1c5a72e2938ae4275a2c9652_images.jpg
33252,Boys,Apparel,Topwear,Tshirts,White,Casual,Gini and Jony Boys Printed White T-shirt,33252.jpg,http://assets.myntassets.com/v1/images/style/properties/75257ff08fff5c6958ce2c35feaacce8_images.jpg
34036,Boys,Apparel,Topwear,Shirts,Blue,Casual,Palm Tree Boys Check Blue Shirt,34036.jpg,http://assets.myntassets.com/v1/images/style/properties/17d5cdd77de6f87ee2451b98f3466d88_images.jpg
40929,Boys,Apparel,Bottomwear,Jeans,Blue,Casual,Gini and Jony Boys Rodeo Blue Jeans,40929.jpg,http://assets.myntassets.com/v1/images/style/properties/8d502c198e871b2dd94f96d0c27c0430_images.jpg
46831,Boys,Apparel,Topwear,Shirts,Pink,Casual,Gini and Jony Boys Pink Shirt,46831.jpg,http://assets.myntassets.com/v1/images/style/properties/943d9b272c042d8b06ee6b1d277de5be_images.jpg
5425,Boys,Apparel,Topwear,Shirts,Maroon,Casual,Ant Kids Boys's Anytime Maroon White Kidswear,5425.jpg,http://assets.myntassets.com/v1/images/style/properties/1aa74ea3082d73e42dd3a89aeb164885_images.jpg
33140,Boys,Apparel,Topwear,Tshirts,Navy Blue,Casual,Gini and Jony Boys Printed Navy Blue T-shirt,33140.jpg,http://assets.myntassets.com/v1/images/style/properties/089df31ac89f0ac323d4ae372ece6a81_images.jpg
39317,Boys,Apparel,Topwear,Tshirts,White,Casual,Gini and Jony Boys Printed White T-shirt,39317.jpg,http://assets.myntassets.com/v1/images/style/properties/93e1608565f30617ce285c380b54b109_images.jpg
38939,Boys,Apparel,Bottomwear,Shorts,Blue,Casual,Gini and Jony Boys Blue Shorts,38939.jpg,http://assets.myntassets.com/v1/images/style/properties/a56faabdd0c83944dcb5754f7c27b546_images.jpg
8351,Boys,Apparel,Topwear,Tshirts,Grey,Casual,Doodle Boy's Original Royal Classic Grey Melange Kidswear,8351.jpg,http://assets.myntassets.com/v1/images/style/properties/47d94fb76efe6c5240a236a0b2a1b6ce_images.jpg
48244,Boys,Apparel,Topwear,Tshirts,Red,Casual,Avengers Boys Red Printed T-shirt,48244.jpg,http://assets.myntassets.com/v1/images/style/properties/1aa0af14c07ba15c30233c51609bcba3_images.jpg
23130,Boys,Apparel,Topwear,Tshirts,Green,Casual,Chhota Bheem Kids Boys Lost Alien Green T-shirt,23130.jpg,http://assets.myntassets.com/v1/images/style/properties/841d8c5b7b445161b006609f9f6a8f09_images.jpg
38282,Boys,Apparel,Topwear,Tshirts,Red,Casual,DC Comics Boys Red T-shirt,38282.jpg,http://assets.myntassets.com/v1/images/style/properties/443eb11f7a00d51fbe066b33997b640d_images.jpg
38284,Boys,Apparel,Topwear,Tshirts,Green,Casual,Marvel Boys Green Printed T-shirt,38284.jpg,http://assets.myntassets.com/v1/images/style/properties/19033f3eab9e938ee9040733b9dfcd76_images.jpg
34055,Boys,Apparel,Bottomwear,Capris,Blue,Casual,Palm Tree Boys Washed Blue 3/4 Length Pants,34055.jpg,http://assets.myntassets.com/v1/images/style/properties/1646d48d6dbf9f584981ab6a2b20a614_images.jpg
40987,Boys,Apparel,Topwear,Tshirts,Blue,Casual,Gini and Jony Boys Core Blue T-shirt,40987.jpg,http://assets.myntassets.com/v1/images/style/properties/14a2abe590152437160c1de149588048_images.jpg
24907,Boys,Apparel,Topwear,Tshirts,Navy Blue,Casual,United Colors of Benetton Kids Boys Navy Blue Printed T-shirt,24907.jpg,http://assets.myntassets.com/v1/images/style/properties/e068be83cc388ec509d8a11310b20a7d_images.jpg
34102,Boys,Apparel,Topwear,Tshirts,Pink,Casual,Doodle Boys Printed Pink T-shirt,34102.jpg,http://assets.myntassets.com/v1/images/style/properties/93b67585c3494e708af7b8688b9827ad_images.jpg
39865,Boys,Apparel,Topwear,Tshirts,Red,Casual,Gini and Jony Boys Polo Red T-Shirt,39865.jpg,http://assets.myntassets.com/v1/images/style/properties/d993f35af5990e0d1b39554e2952cff9_images.jpg
39002,Boys,Apparel,Topwear,Tshirts,Black,Casual,Gini and Jony Boys Core Black T-shirt,39002.jpg,http://assets.myntassets.com/v1/images/style/properties/b61c1f21d2459587654156e5346ea847_images.jpg
2691,Boys,Apparel,Bottomwear,Shorts,Blue,Casual,Disney Kids Boy's Mickey Blue Denim Kidswear,2691.jpg,http://assets.myntassets.com/v1/images/style/properties/afec73c71df4c7f38b4ec3b8db63570f_images.jpg
4728,Boys,Apparel,Topwear,Tshirts,Navy Blue,Casual,Disney Kids Boy's Crew Sea Life Sialing Navy Teen Kidswear,4728.jpg,http://assets.myntassets.com/v1/images/style/properties/f6b7fdf34bbea8bb189ae919e600c1ec_images.jpg
2724,Boys,Apparel,Topwear,Tshirts,White,Casual,Disney Kids Boy's White Red Kidswear,2724.jpg,http://assets.myntassets.com/v1/images/style/properties/427d553013d806dd69f5865fcdd2bda6_images.jpg
17807,Boys,Apparel,Topwear,Tshirts,Rust,Casual,Chhota Bheem Kids Boys Yeh Dosthi Rust Tshirt,17807.jpg,http://assets.myntassets.com/v1/images/style/properties/044aef7d19debb518ea51bd2bf071032_images.jpg
31093,Boys,Apparel,Topwear,Shirts,White,Casual,Gini and Jony Boys White Shirt,31093.jpg,http://assets.myntassets.com/v1/images/style/properties/5434fde91285b36cae3fe9d391f9fda7_images.jpg
40952,Boys,Apparel,Topwear,Tshirts,Red,Casual,Gini and Jony Boys Wild West Red T-shirt,40952.jpg,http://assets.myntassets.com/v1/images/style/properties/d494b4e44267c1a5e8d863a13fa04375_images.jpg
38959,Boys,Apparel,Topwear,Tshirts,Navy Blue,Casual,Gini and Jony Boys Printed Navy Blue T-shirt,38959.jpg,http://assets.myntassets.com/v1/images/style/properties/262fe68551c4c8661248e21bb61f3f17_images.jpg
38884,Boys,Apparel,Topwear,Tshirts,Red,Casual,Allen Solly Kids Boys Flock Print Red T-shirt,38884.jpg,http://assets.myntassets.com/v1/images/style/properties/4c950f476e72f7461569962b70071b1a_images.jpg
8348,Boys,Apparel,Topwear,Tshirts,Brown,Casual,Doodle Boy's Little Monsters Rocking Rust Kidswear,8348.jpg,http://assets.myntassets.com/v1/images/style/properties/1ce1aa6acaffd18fe48745440508e08e_images.jpg
39859,Boys,Apparel,Topwear,Tshirts,Yellow,Casual,Palm Tree Boys Printed Yellow T-Shirt,39859.jpg,http://assets.myntassets.com/v1/images/style/properties/a3c0711f3d54240e227c7c615d8d46c5_images.jpg
8330,Boys,Apparel,Topwear,Tshirts,White,Casual,Doodle Boy's Car Print White Green Blue Kidswear,8330.jpg,http://assets.myntassets.com/v1/images/style/properties/57b9bc22ec9b0986667566d262ad2444_images.jpg
33263,Boys,Apparel,Topwear,Tshirts,White,Casual,Gini & Jony Boys White T-shirt,33263.jpg,http://assets.myntassets.com/v1/images/style/properties/ee227567b7744737f63d6c1eafe46c44_images.jpg
2714,Boys,Apparel,Topwear,Tshirts,Red,Casual,Disney Kids Boy's Red Goofy Surf Kidswear,2714.jpg,http://assets.myntassets.com/v1/images/style/properties/fcd278eaeace3cd6d3e6b8b13265fa2a_images.jpg
40151,Boys,Apparel,Topwear,Tshirts,White,Casual,Gini and Jony Boys United White T-shirt,40151.jpg,http://assets.myntassets.com/v1/images/style/properties/5a8c945a7581b0ddbf67aff3f734c709_images.jpg
24913,Boys,Apparel,Topwear,Tshirts,Red,Casual,United Colors of Benetton Kids Boys Red Printed T-shirt,24913.jpg,http://assets.myntassets.com/v1/images/style/properties/feb231b4841e21c5bd08160d4ecbf075_images.jpg
36717,Boys,Apparel,Topwear,Tshirts,Yellow,Casual,Gini and Jony Boys Printed Yellow T-Shirt,36717.jpg,http://assets.myntassets.com/v1/images/style/properties/ccc4e1f81c66b069999791eeb305f378_images.jpg
38960,Boys,Apparel,Topwear,Tshirts,Grey,Casual,Gini and Jony Boys Printed Grey T-shirt,38960.jpg,http://assets.myntassets.com/v1/images/style/properties/a6e556650d0621f9d64c72fa2bfd7b6c_images.jpg
33302,Boys,Apparel,Topwear,Tshirts,Red,Casual,Palm Tree Boys Pack of 2 T-shirts,33302.jpg,http://assets.myntassets.com/v1/images/style/properties/1953f2f2d877a2e8907154416335edc2_images.jpg
30718,Boys,Apparel,Apparel Set,Kurta Sets,Red,Ethnic,Fabindia Boys Red & Beige Angarakha Dhoti Set,30718.jpg,http://assets.myntassets.com/v1/images/style/properties/736dfce68489f314c48d2da3bebfa301_images.jpg
34019,Boys,Apparel,Topwear,Tshirts,Black,Casual,Palm Tree Boys Printed Black T-shirt,34019.jpg,http://assets.myntassets.com/v1/images/style/properties/962ae02e731cec7f696ca2c5ca913f4c_images.jpg
37623,Boys,Apparel,Topwear,Tshirts,Blue,Casual,Madagascar 3 Boys Blue Printed T-shirt,37623.jpg,http://assets.myntassets.com/v1/images/style/properties/5b404e7992187f73f024709ae5f5ca38_images.jpg
36314,Boys,Apparel,Topwear,Tshirts,White,Casual,Mr.Men Boys Hmmph White T-shirt,36314.jpg,http://assets.myntassets.com/v1/images/style/properties/f7f2c0141a17af94a5f1e2e71ab23396_images.jpg
34180,Boys,Apparel,Topwear,Tshirts,Blue,Casual,Gini and Jony Boys Blue T-shirt,34180.jpg,http://assets.myntassets.com/v1/images/style/properties/bcec99da93fda70c7e83607e33b3efaa_images.jpg
40948,Boys,Apparel,Topwear,Tshirts,White,Casual,Gini and Jony Boys Rodeo T-shirt,40948.jpg,http://assets.myntassets.com/v1/images/style/properties/fe8775fcdb7661638a51d938f46fccc2_images.jpg
31144,Boys,Apparel,Topwear,Tshirts,Pink,Casual,Gini and Jony Boys Printed Pink T-shirt,31144.jpg,http://assets.myntassets.com/v1/images/style/properties/deba391102cf15058addefecf16dc72e_images.jpg
34181,Boys,Apparel,Topwear,Tshirts,Blue,Casual,Gini and Jony Boys Blue T-shirt,34181.jpg,http://assets.myntassets.com/v1/images/style/properties/e4a371c5bf05ccbaa65f2b84096bf5c7_images.jpg
22587,Boys,Apparel,Topwear,Tshirts,Purple,Sports,Nike Kids Boys Purple T-shirt,22587.jpg,http://assets.myntassets.com/v1/images/style/properties/4616a5d953a777731d4bbc391654faf0_images.jpg
36311,Boys,Apparel,Topwear,Tshirts,Black,Casual,Mr.Men Boys Wonderful Black T-shirt,36311.jpg,http://assets.myntassets.com/v1/images/style/properties/0caabebba82609e605c7962e8244cb3a_images.jpg
41960,Boys,Apparel,Topwear,Shirts,Red,Casual,Gini and Jony Boys Authentic Red Shirt,41960.jpg,http://assets.myntassets.com/v1/images/style/properties/1d0e3b4ddbd116259f838114996c3a52_images.jpg
48253,Boys,Apparel,Topwear,Tshirts,White,Casual,The Amazing Spiderman Boys White T-shirt,48253.jpg,http://assets.myntassets.com/v1/images/style/properties/The-Amazing-Spiderman-Boys-White-T-shirt_704b74f5dc0a5c85159e235b6378fdf9_images.jpg
34168,Boys,Apparel,Topwear,Tshirts,Navy Blue,Casual,Gini and Jony Boys Printed Navy Blue T-shirt,34168.jpg,http://assets.myntassets.com/v1/images/style/properties/0ffc751f372835ede7c8e84eb56b177d_images.jpg
33303,Boys,Apparel,Topwear,Tshirts,Red,Casual,Gini and Jony Boys Pack of 2 T-shirts,33303.jpg,http://assets.myntassets.com/v1/images/style/properties/dd2a64c360b7a27b7c70de1d18dee85c_images.jpg
39853,Boys,Apparel,Topwear,Tshirts,White,Casual,Gini and Jony Boys Printed White T-Shirt,39853.jpg,http://assets.myntassets.com/v1/images/style/properties/2b7da03ebaaf413eaebcc6a3bb716c1a_images.jpg
40126,Boys,Apparel,Bottomwear,Shorts,White,Casual,Gini and Jony Boys Boxer White Shorts,40126.jpg,http://assets.myntassets.com/v1/images/style/properties/ff9ba2b75d61b477c14fe698ae212314_images.jpg
2694,Boys,Apparel,Topwear,Shirts,Red,Casual,Disney Kids Boy's Red Twofur Layered Kidswear,2694.jpg,http://assets.myntassets.com/v1/images/style/properties/a708588940cf342ea8926b811ac9ce42_images.jpg
9952,Boys,Apparel,Topwear,Tshirts,Red,Casual,Disney Kids Boys Little Captain Pack of 2 Red Green T-shirt,9952.jpg,http://assets.myntassets.com/v1/images/style/properties/82e8fb5d4bb142903a040bd326ce76fb_images.jpg
40162,Boys,Apparel,Topwear,Tshirts,Yellow,Casual,Gini and Jony Boys Printed Yellow T-Shirt,40162.jpg,http://assets.myntassets.com/v1/images/style/properties/aba7b600b9b6fb2bf3a5fa4e533283cb_images.jpg
30715,Boys,Apparel,Apparel Set,Kurta Sets,Blue,Ethnic,Fabindia Boys Blue & Green Angarakha Dhoti Set,30715.jpg,http://assets.myntassets.com/v1/images/style/properties/f2a3baa07a5ff85471618e78488b0936_images.jpg
34177,Boys,Apparel,Topwear,Tshirts,White,Casual,Gini and Jony Boys White T-shirt,34177.jpg,http://assets.myntassets.com/v1/images/style/properties/e7a57ddf7064a9f48f0177098d3506a8_images.jpg
54907,Boys,Apparel,Topwear,Tshirts,Blue,Casual,Do u speak green Boys T-shirt,54907.jpg,http://assets.myntassets.com/v1/images/style/properties/Do-u-speak-green-Boys-T-shirt_4ed10aedafa3f27383929a0cc5b1ca04_images.jpg
43689,Boys,Apparel,Topwear,Tshirts,Red,Casual,Doodle Boys Printed Red T-shirt,43689.jpg,http://assets.myntassets.com/v1/images/style/properties/070a0621f22e54d33bfceacbcbf87f2b_images.jpg
40988,Boys,Apparel,Topwear,Tshirts,Blue,Casual,Gini and Jony Boys Core Blue T-shirt,40988.jpg,http://assets.myntassets.com/v1/images/style/properties/a61f56011c3bf5efa9e28b61771b71d8_images.jpg
40978,Boys,Apparel,Topwear,Tshirts,Red,Casual,Gini and Jony Boys United Red T-shirt,40978.jpg,http://assets.myntassets.com/v1/images/style/properties/4fb51b6af9daa7d7e7b37a54ee98d6a8_images.jpg
43582,Boys,Apparel,Topwear,Shirts,White,Casual,Gini and Jony Boys White Check Shirt,43582.jpg,http://assets.myntassets.com/v1/images/style/properties/55d6c3cea8c394967f6a929b20817588_images.jpg
34052,Boys,Apparel,Bottomwear,Capris,Yellow,Casual,Gini and Jony Boys Yellow 3/4 Length Pants,34052.jpg,http://assets.myntassets.com/v1/images/style/properties/828d3baf1dfd59dc8e4da0a0a2280231_images.jpg
15046,Boys,Apparel,Topwear,Sweatshirts,Red,Casual,ADIDAS Kids Boys Solid Red Sweatshirts,15046.jpg,http://assets.myntassets.com/v1/images/style/properties/1f6cbea90a618653b74916ff5d6b1e0b_images.jpg
38940,Boys,Apparel,Bottomwear,Shorts,Blue,Casual,Palm Tree Boys Blue Shorts,38940.jpg,http://assets.myntassets.com/v1/images/style/properties/423e296d366a31075609690410e80852_images.jpg
38988,Boys,Apparel,Topwear,Tshirts,Red,Casual,Gini and Jony Boys Wild West Red T-shirt,38988.jpg,http://assets.myntassets.com/v1/images/style/properties/06a9910c2d931ce838ddcaf4fbabb6e1_images.jpg
48240,Boys,Apparel,Topwear,Tshirts,Yellow,Casual,Avengers Boys Yellow Printed T-shirt,48240.jpg,http://assets.myntassets.com/v1/images/style/properties/bfeb60449c03faed32a42e8d74371044_images.jpg
4465,Boys,Apparel,Topwear,Tshirts,Red,Casual,Disney Boy's Marked Red Teen Kidswear,4465.jpg,http://assets.myntassets.com/v1/images/style/properties/3d00974183babe4f2e01bcc0f6af6de7_images.jpg
37537,Boys,Apparel,Socks,Booties,Yellow,Casual,Madagascar 3 Infant Boys Yellow Booties,37537.jpg,http://assets.myntassets.com/v1/images/style/properties/161f2beac9836ee2530e6628a548b0cf_images.jpg
39860,Boys,Apparel,Topwear,Tshirts,Green,Casual,Gini and Jony Boys Polo Green T-Shirt,39860.jpg,http://assets.myntassets.com/v1/images/style/properties/1c20333570064b3a7b21632ee9bd29e6_images.jpg
31102,Boys,Apparel,Topwear,Tshirts,Red,Casual,Gini and jony Boys Printed Red T-shirt,31102.jpg,http://assets.myntassets.com/v1/images/style/properties/ddb42cb67da5483011045f2f21f2a142_images.jpg
34045,Boys,Apparel,Topwear,Shirts,Black,Casual,Gini and Jony Boys Black Shirt,34045.jpg,http://assets.myntassets.com/v1/images/style/properties/bff431325f745baf77247497ac02dff2_images.jpg
35877,Boys,Apparel,Topwear,Tshirts,Yellow,Casual,Marvel Boys Comics Yellow T-shirt,35877.jpg,http://assets.myntassets.com/v1/images/style/properties/c0b444082d28b5d865c2a6d540d66e39_images.jpg
40983,Boys,Apparel,Topwear,Tshirts,White,Casual,Gini and Jony Boys United White T-shirt,40983.jpg,http://assets.myntassets.com/v1/images/style/properties/c7b223c669e7a5cded10f449878b520c_images.jpg
33308,Boys,Apparel,Bottomwear,Jeans,Black,Casual,Gini and Jony Boys Solid Black Jeans,33308.jpg,http://assets.myntassets.com/v1/images/style/properties/098f55af9c68804f414cb42ec3dadc19_images.jpg
33139,Boys,Apparel,Topwear,Tshirts,Grey,Casual,Gini and Jony Boys Printed Grey T-shirt,33139.jpg,http://assets.myntassets.com/v1/images/style/properties/612896ff89bab8dab5bd63de0fe53772_images.jpg
31152,Boys,Apparel,Topwear,Tshirts,Yellow,Casual,Gini and Jony Boys Printed Yellow T-shirt,31152.jpg,http://assets.myntassets.com/v1/images/style/properties/aa01aeffffcead78b92fdb0e97d20e44_images.jpg
34037,Boys,Apparel,Topwear,Shirts,Blue,Casual,Palm Tree Boys Check Blue Shirt,34037.jpg,http://assets.myntassets.com/v1/images/style/properties/196a690c54a995d688b3e294fd44df62_images.jpg
43698,Boys,Apparel,Topwear,Tshirts,Yellow,Casual,Doodle Boys Printed Yellow T-shirt,43698.jpg,http://assets.myntassets.com/v1/images/style/properties/b6cc3744839d74d5d58d2ce869dd9e4d_images.jpg
31166,Boys,Apparel,Bottomwear,Shorts,Blue,Casual,Gini and Jony Boys Washed Blue Denim Shorts,31166.jpg,http://assets.myntassets.com/v1/images/style/properties/7eb094970578ba2318628d103d74a094_images.jpg
34010,Girls,Apparel,Topwear,Tops,Black,Casual,Gini and Jony Girls Black Top,34010.jpg,http://assets.myntassets.com/v1/images/style/properties/93df8e213a98b53c57991ecfe37a68ec_images.jpg
33267,Girls,Apparel,Bottomwear,Shorts,Blue,Casual,Gini and Jony Girls Blue Shorts,33267.jpg,http://assets.myntassets.com/v1/images/style/properties/1c87382dfdfb47ea5548fa98282f5189_images.jpg
31168,Girls,Apparel,Dress,Dresses,White,Casual,Gini and Jony Girls White Dress,31168.jpg,http://assets.myntassets.com/v1/images/style/properties/a3e6a3f1359d6fd17957512bf74eec4e_images.jpg
43574,Girls,Apparel,Topwear,Tops,White,Casual,Gini and Jony Girls Knits White Top,43574.jpg,http://assets.myntassets.com/v1/images/style/properties/9aad7d575abb1a81e8b6fa592e0cef99_images.jpg
2744,Girls,Apparel,Topwear,Tops,Orange,Casual,Disney Kids Girl's Orange Stripe Kidswear,2744.jpg,http://assets.myntassets.com/v1/images/style/properties/12afa5e0e04ef4496a279fb9bc3e5803_images.jpg
36753,Girls,Apparel,Apparel Set,Clothing Set,Blue,Casual,Little Miss Girls Chatterbox Blue Clothing Set,36753.jpg,http://assets.myntassets.com/v1/images/style/properties/ffba35f9f9c2516c6d588f4e4a0b0e74_images.jpg
40999,Girls,Apparel,Bottomwear,Jeans,Black,Casual,Gini and Jony Girls Woven Black Jeans,40999.jpg,http://assets.myntassets.com/v1/images/style/properties/5fa8d2f065d6cbb6ec0229bc9fae005f_images.jpg
34164,Girls,Apparel,Topwear,Tops,Red,Casual,Gini and Jony Girls Red Top,34164.jpg,http://assets.myntassets.com/v1/images/style/properties/c06d525191d55960b27d1ef4c8793218_images.jpg
36216,Girls,Apparel,Bottomwear,Shorts,Magenta,Casual,Gini and Jony Girls Core Magenta Shorts,36216.jpg,http://assets.myntassets.com/v1/images/style/properties/75d12afdb462482c33821215208e6bc6_images.jpg
5215,Girls,Apparel,Topwear,Tshirts,White,Casual,Disney Kids Girl's Pink White Sweet Hunny Pack of 2 Kidswear,5215.jpg,http://assets.myntassets.com/v1/images/style/properties/c231d68afb01c9fedb8192a9809e4632_images.jpg
34118,Girls,Apparel,Bottomwear,Shorts,Black,Casual,Doodle Girls Washed Black Shorts,34118.jpg,http://assets.myntassets.com/v1/images/style/properties/54387763114186bb0ae86cacdd85ec4d_images.jpg
33149,Girls,Apparel,Bottomwear,Leggings,Pink,Casual,Gini and Jony Girls Pink Leggings,33149.jpg,http://assets.myntassets.com/v1/images/style/properties/c4ce324d240cf5a5acb89c3580fe26e0_images.jpg
40931,Girls,Apparel,Bottomwear,Leggings,Blue,Casual,Gini and Jony Girls Happy Style Blue Leggings,40931.jpg,http://assets.myntassets.com/v1/images/style/properties/37761150fea9122897490730621ba7c8_images.jpg
4212,Girls,Apparel,Topwear,Tshirts,Yellow,Casual,Disney Kids Girl's Yellow Kidswear,4212.jpg,http://assets.myntassets.com/v1/images/style/properties/fb7495739318639c7424e132c284a62b_images.jpg
24986,Girls,Apparel,Topwear,Tops,White,Casual,United Colors of Benetton Kids Girls White Top,24986.jpg,http://assets.myntassets.com/v1/images/style/properties/cc0e4445c913e9035687d41b8f4d39a3_images.jpg
38335,Girls,Apparel,Topwear,Tops,Red,Casual,Mr. Men Little Miss Girls Red Printed Top,38335.jpg,http://assets.myntassets.com/v1/images/style/properties/49bff522d3a8f446c29f4012eed556ca_images.jpg
43592,Girls,Apparel,Topwear,Tshirts,Pink,Casual,Gini and Jony Girls Polo Striped Pink T-shirt,43592.jpg,http://assets.myntassets.com/v1/images/style/properties/00d25ceb851a576583725beb9e1cb8a2_images.jpg
38931,Girls,Apparel,Bottomwear,Jeans,Blue,Casual,Gini and Jony Girls Blue Jeans,38931.jpg,http://assets.myntassets.com/v1/images/style/properties/Palm-Tree-Girls-Blue-Jeans_db31111d6e675c730fe27a1ccbeeb0bd_images.jpg
5415,Girls,Apparel,Topwear,Tshirts,Red,Casual,Ant Kids Girl's Red Little Heart Kidswear,5415.jpg,http://assets.myntassets.com/v1/images/style/properties/7a1d2f9668a4de6b1508f09ac0ccff1a_images.jpg
37565,Girls,Apparel,Innerwear,Innerwear Vests,Green,Casual,Madagascar Girls Green Innerwear Vest,37565.jpg,http://assets.myntassets.com/v1/images/style/properties/51bb3815d90a782bd22194ceb30d4232_images.jpg
34166,Girls,Apparel,Topwear,Tops,Magenta,Casual,Gini and Jony Girls Purple Top,34166.jpg,http://assets.myntassets.com/v1/images/style/properties/a31431e54b7f79cc55448b6857f83683_images.jpg
39849,Girls,Apparel,Topwear,Tops,Blue,Casual,Gini and Jony Girls Striped Blue Top,39849.jpg,http://assets.myntassets.com/v1/images/style/properties/b45ca9f0de9d375d3276e0eb191988d9_images.jpg
41997,Girls,Apparel,Topwear,Tops,Blue,Casual,Gini and Jony Girls Pretty Blossom Blue Top,41997.jpg,http://assets.myntassets.com/v1/images/style/properties/7ef64ce5c3f66606feea411ea2f7d721_images.jpg
5417,Girls,Apparel,Topwear,Tshirts,Blue,Casual,Ant Kids Girls Blue T-shirt,5417.jpg,http://assets.myntassets.com/v1/images/style/properties/Ant-Kids-Girls-Pink-Humming-Birds-Kidswear_9ce0fe3ac57d06746a78cdc3d8b359a6_images.jpg
34155,Girls,Apparel,Topwear,Tops,Magenta,Casual,Gini and Jony Girls Pink Top,34155.jpg,http://assets.myntassets.com/v1/images/style/properties/65ac0645f262a17887d48b572101d521_images.jpg
38769,Girls,Apparel,Topwear,Tshirts,Blue,Casual,Gini and Jony Girls Printed Blue T-shirt,38769.jpg,http://assets.myntassets.com/v1/images/style/properties/1b54dc17dae740f9369e94ed2a43729e_images.jpg
47153,Girls,Apparel,Bottomwear,Capris,Pink,Casual,Gini and Jony Girls Pink Capris,47153.jpg,http://assets.myntassets.com/v1/images/style/properties/87321ab7962a30b2e9b01fa16997029c_images.jpg
43683,Girls,Apparel,Topwear,Tops,Blue,Casual,Doodle Girls Printed Blue Top,43683.jpg,http://assets.myntassets.com/v1/images/style/properties/4ad10fcc757363792980154c94fb4e17_images.jpg
3851,Girls,Apparel,Topwear,Tshirts,Pink,Casual,Disney Kids Girl's Minnie Heart Pink Kidswear,3851.jpg,http://assets.myntassets.com/v1/images/style/properties/a71ecf9ada04a0522578c0d2936b8d9b_images.jpg
40156,Girls,Apparel,Topwear,Tops,Green,Casual,Gini and Jony Girls Core Green Top,40156.jpg,http://assets.myntassets.com/v1/images/style/properties/8ff78487998ce3099322d79f8a3798f7_images.jpg
16805,Girls,Apparel,Bottomwear,Skirts,Black,Casual,ANT Kids Girls Printed Black Skirt,16805.jpg,http://assets.myntassets.com/v1/images/style/properties/67808521d25ccb25b0378cf3329c37bc_images.jpg
41008,Girls,Apparel,Bottomwear,Jeans,Navy Blue,Casual,Gini and Jony Girls Woven Navy Blue Jeans,41008.jpg,http://assets.myntassets.com/v1/images/style/properties/953dfcc043c31b66c5b1be3b0778d8d8_images.jpg
31120,Girls,Apparel,Topwear,Tops,Pink,Casual,Palm Tree Girls Pink Top,31120.jpg,http://assets.myntassets.com/v1/images/style/properties/83f4ab34db71459ba1f80bb8992cf9d5_images.jpg
24941,Girls,Apparel,Topwear,Tops,Pink,Casual,United Colors of Benetton Kids Girls Pink Top,24941.jpg,http://assets.myntassets.com/v1/images/style/properties/c1a5e415fd0e4f4945aa965729de43c1_images.jpg
43588,Girls,Apparel,Bottomwear,Capris,White,Casual,Gini and Jony Girls Fixed Weast White Capris,43588.jpg,http://assets.myntassets.com/v1/images/style/properties/7581861830ebeb82ee5bb24c86cc526a_images.jpg
34017,Girls,Apparel,Topwear,Tops,Red,Casual,Gini and Jony Girls Red Top,34017.jpg,http://assets.myntassets.com/v1/images/style/properties/1f5a75220439a8b7007ce17a15e1afb5_images.jpg
41001,Girls,Apparel,Bottomwear,Shorts,Blue,Casual,Gini and Jony  Girls Woven Blue Shorts,41001.jpg,http://assets.myntassets.com/v1/images/style/properties/04e0a096190c52c8e67b940bb6caf190_images.jpg
37564,Girls,Apparel,Innerwear,Innerwear Vests,Pink,Casual,Madagascar3 Pink Girls Innerwear Vest,37564.jpg,http://assets.myntassets.com/v1/images/style/properties/e8409f479400f77360e2a145e8bad0df_images.jpg
34157,Girls,Apparel,Topwear,Tops,Peach,Casual,Gini and Jony Girls Peach Top,34157.jpg,http://assets.myntassets.com/v1/images/style/properties/eda26a65d4c060fb3172bf3927f0f7e2_images.jpg
17609,Girls,Apparel,Topwear,Tshirts,White,Casual,Doodle Girls Raindrops White Tshirts,17609.jpg,http://assets.myntassets.com/v1/images/style/properties/6a4be3f8c17479c5a5968e56b51c8e33_images.jpg
37629,Girls,Apparel,Topwear,Tshirts,Blue,Casual,Madagascar3 Girls Blue Printed T-Shirt,37629.jpg,http://assets.myntassets.com/v1/images/style/properties/c2d9a02562311ea50ecd510806f1db0b_images.jpg
31122,Girls,Apparel,Topwear,Tops,White,Casual,Gini and Jony Girls Printed White Top,31122.jpg,http://assets.myntassets.com/v1/images/style/properties/aa5db411e82b2cedfa6e956050fa2fbd_images.jpg
18171,Girls,Apparel,Topwear,Tops,Green,Casual,Doodle Kids Girls Ballon Green Top,18171.jpg,http://assets.myntassets.com/v1/images/style/properties/f1dbb13abb1efd3ba19bd4108f1a6703_images.jpg
17621,Girls,Apparel,Bottomwear,Leggings,Pink,Casual,Doodle Girls Lace Bow LT.Pink Leggings,17621.jpg,http://assets.myntassets.com/v1/images/style/properties/765d05919ac272d74378de084442ec6c_images.jpg
34065,Girls,Apparel,Dress,Dresses,Black,Casual,Gini and Jony Girls Black Dress,34065.jpg,http://assets.myntassets.com/v1/images/style/properties/f7b69b3f5edf05058f33e21ebe87275f_images.jpg
34008,Girls,Apparel,Topwear,Tops,Pink,Casual,Gini and Jony Girls Pink Top,34008.jpg,http://assets.myntassets.com/v1/images/style/properties/bdb2509ab5b31e6e6fde3f1f1e28f5bf_images.jpg
38336,Girls,Apparel,Topwear,Tops,Pink,Casual,Mr. Men Little Miss Girls Pink Top,38336.jpg,http://assets.myntassets.com/v1/images/style/properties/39b0a8e220b38233a4dae8bdb6cf956b_images.jpg
34710,Girls,Apparel,Topwear,Tshirts,Green,Casual,Allen Solly Kids Girls Polka Green T-shirt,34710.jpg,http://assets.myntassets.com/v1/images/style/properties/6e0f4aa5d284afc5ca10cadc725657ae_images.jpg
34112,Girls,Apparel,Topwear,Tops,White,Casual,Doodle Girls Printed White Top,34112.jpg,http://assets.myntassets.com/v1/images/style/properties/b6f76356471bc5036529d22847f30b82_images.jpg
40127,Girls,Apparel,Dress,Dresses,Black,Casual,Gini and Jony Girls Roseatte Black Dress,40127.jpg,http://assets.myntassets.com/v1/images/style/properties/9df82c8db87a057d9bf7d90a02f24d7b_images.jpg
3819,Girls,Apparel,Topwear,Tshirts,Pink,Casual,Disney Kids Girl's Minnie Summer Time Pink Top,3819.jpg,http://assets.myntassets.com/v1/images/style/properties/7331e5fb7516a0b01479629fc1947db6_images.jpg
31174,Girls,Apparel,Topwear,Tops,Red,Casual,Gini and Jony Girls Red Top,31174.jpg,http://assets.myntassets.com/v1/images/style/properties/2b8a45322790bea5db64fc46b8d93f8f_images.jpg
8361,Girls,Apparel,Topwear,Tshirts,Green,Casual,Doodle Girl's Tonight Night Rock Light Green Kidswear,8361.jpg,http://assets.myntassets.com/v1/images/style/properties/d335032e77ab4c39f6df292e323741cc_images.jpg
43590,Girls,Apparel,Topwear,Tshirts,Blue,Casual,Gini and Jony Girls Polo Striped Blue T-shirt,43590.jpg,http://assets.myntassets.com/v1/images/style/properties/b0637e9def43478657c0a9159d51ad43_images.jpg
40143,Girls,Apparel,Topwear,Tops,Blue,Casual,Gini and Jony Girls Pretty Blossom Blue Top,40143.jpg,http://assets.myntassets.com/v1/images/style/properties/fc3c1b46906d5c148c45f532d0b3ffb5_images.jpg
38934,Girls,Apparel,Bottomwear,Leggings,Black,Casual,Gini and Jony Girls Black Leggings,38934.jpg,http://assets.myntassets.com/v1/images/style/properties/06cf310359b5321c5764ee835ca96590_images.jpg
38503,Girls,Apparel,Bottomwear,Shorts,Blue,Casual,Gini and Jony Girls Woven Blue Shorts,38503.jpg,http://assets.myntassets.com/v1/images/style/properties/b1f5b8ae9f07cd08cae46c0b470cc6b7_images.jpg
18169,Girls,Apparel,Dress,Dresses,Pink,Casual,Doodle Kids Girls Party Frock Pink Dress,18169.jpg,http://assets.myntassets.com/v1/images/style/properties/342ab2d111864ac2fd561b5bdd5d6858_images.jpg
37608,Girls,Apparel,Topwear,Tshirts,Orange,Casual,Madagascar3 Girls Coral Printed T-Shirt,37608.jpg,http://assets.myntassets.com/v1/images/style/properties/6e6e593cf71f012cadbdeabbef2ce9df_images.jpg
38328,Girls,Apparel,Topwear,Tops,Pink,Casual,Hannah Montana Girls Pink Top,38328.jpg,http://assets.myntassets.com/v1/images/style/properties/ca791a4fd15edf47eec63b406a8058d4_images.jpg
8465,Girls,Apparel,Topwear,Tshirts,Purple,Casual,Doodle Girls's Princess Purple Teen Top,8465.jpg,http://assets.myntassets.com/v1/images/style/properties/9d2498631ebf7972ec792f4683ad9462_images.jpg
40149,Girls,Apparel,Dress,Dresses,Pink,Casual,Gini and Jony Girls Play Suit Pink Dress,40149.jpg,http://assets.myntassets.com/v1/images/style/properties/a3e7580e88185adfc3c8cd65a9be7267_images.jpg
43577,Girls,Apparel,Topwear,Tops,Peach,Casual,Gini and Jony Girls Woven Peach Top,43577.jpg,http://assets.myntassets.com/v1/images/style/properties/1b1d5eb32983414d4c5307315456a5c7_images.jpg
3902,Girls,Apparel,Topwear,Tshirts,Pink,Casual,Disney Kids Girl's Minnie And Daisy Pink Kidswear,3902.jpg,http://assets.myntassets.com/v1/images/style/properties/2fd473b0c70793f5f7a5278c1d98de70_images.jpg
2706,Girls,Apparel,Topwear,Tops,Pink,Casual,Disney Kids Girl's Pink Pooh Kidswear,2706.jpg,http://assets.myntassets.com/v1/images/style/properties/9dfcd501502405f6befacbefbc8bec12_images.jpg
33257,Girls,Apparel,Topwear,Tops,Yellow,Casual,Gini and Jony Girls Printed Yellow Top,33257.jpg,http://assets.myntassets.com/v1/images/style/properties/391996862538de5c1ab298660b58273d_images.jpg
35432,Girls,Apparel,Dress,Dresses,Pink,Casual,Doodle Girls Printed Pink Dress,35432.jpg,http://assets.myntassets.com/v1/images/style/properties/15bb1c9a2468a7c7685cedd967d70c41_images.jpg
36731,Girls,Apparel,Topwear,Tops,Pink,Casual,Gini and Jony Girls Striped Pink Top,36731.jpg,http://assets.myntassets.com/v1/images/style/properties/ec70e11b73015fe590c3814d2a2829a6_images.jpg
39011,Girls,Apparel,Bottomwear,Leggings,Blue,Casual,Gini and Jony Girls Happy Style Blue Leggings,39011.jpg,http://assets.myntassets.com/v1/images/style/properties/9f7f2477e61d460ddfee2f7ad37010f4_images.jpg
12849,Girls,Apparel,Dress,Dresses,White,Casual,Ant Kids Girls Butterfly Print White Dresses,12849.jpg,http://assets.myntassets.com/v1/images/style/properties/e7c8dbcaeed9fead6def6b01df0d9db6_images.jpg
36730,Girls,Apparel,Topwear,Tops,Blue,Casual,Gini and Jony Girls Striped Blue Top,36730.jpg,http://assets.myntassets.com/v1/images/style/properties/4fed2669da2d1f50d3cb78864eec9fec_images.jpg
33270,Girls,Apparel,Bottomwear,Skirts,White,Casual,Gini & Jony Girls White Skirt,33270.jpg,http://assets.myntassets.com/v1/images/style/properties/5a8136a2c5a4bbe86c2cf987981d5c29_images.jpg
37632,Girls,Apparel,Topwear,Tshirts,Pink,Casual,Madagascar3 Girls Pink Printed T-Shirt,37632.jpg,http://assets.myntassets.com/v1/images/style/properties/4df37f301e937b3a7063593502a9ac7a_images.jpg
39835,Girls,Apparel,Topwear,Tops,Peach,Casual,Gini and Jony Girls Printed Peach Top,39835.jpg,http://assets.myntassets.com/v1/images/style/properties/a7e6fca57d133337f6e76e3b5e74fd20_images.jpg
5416,Girls,Apparel,Topwear,Tshirts,White,Casual,Ant Kids Girl's White Little Heart Kidswear,5416.jpg,http://assets.myntassets.com/v1/images/style/properties/016d82ae24e753076e0654379900f07d_images.jpg
50722,Girls,Apparel,Dress,Dresses,Pink,Casual,Doodle Girls Pink Printed Dress,50722.jpg,http://assets.myntassets.com/v1/images/style/properties/5aa2891f267718d2ab17591a1f9f449c_images.jpg
3852,Girls,Apparel,Topwear,Tshirts,Pink,Casual,Disney Kids Girl's Pink Daisy Kidswear,3852.jpg,http://assets.myntassets.com/v1/images/style/properties/d5497eacb345a8838c4b2d13c6b4b131_images.jpg
37611,Girls,Apparel,Topwear,Tshirts,Blue,Casual,Madagascar3 Girls Blue Printed T-Shirt,37611.jpg,http://assets.myntassets.com/v1/images/style/properties/b8be02d075836d7087a07a676ae3c40a_images.jpg
37590,Girls,Apparel,Innerwear,Innerwear Vests,Pink,Casual,Madagascar Girls Pink Innerwear Vest,37590.jpg,http://assets.myntassets.com/v1/images/style/properties/9e74f65716e10bed59e87fc926b330e4_images.jpg
31127,Girls,Apparel,Dress,Dresses,Black,Casual,Gini and Jony Girls Black Dress,31127.jpg,http://assets.myntassets.com/v1/images/style/properties/1f7c87ee0ac12c35df8c1dd28e2cd692_images.jpg
37560,Girls,Apparel,Bottomwear,Shorts,White,Casual,Madagascar3 Girls White Shorts,37560.jpg,http://assets.myntassets.com/v1/images/style/properties/3124d5493431f4486a78e225f16e063e_images.jpg
37607,Girls,Apparel,Topwear,Tshirts,Sea Green,Casual,Madagascar3 Girls Sea Green Printed T-Shirt,37607.jpg,http://assets.myntassets.com/v1/images/style/properties/9c15628d997974125b8cf380a494b9f3_images.jpg
3894,Girls,Apparel,Topwear,Tshirts,Pink,Casual,Disney Kids Girl's Pink Minnie With Green Lace Kidswear,3894.jpg,http://assets.myntassets.com/v1/images/style/properties/7b0ffdb902ac1859813faf2b0b085872_images.jpg
38502,Girls,Apparel,Bottomwear,Shorts,Navy Blue,Casual,Gini and Jony Girls Woven Navy Blue Shorts,38502.jpg,http://assets.myntassets.com/v1/images/style/properties/8b01cdf6da60ef9686ea6fcb2063a3cc_images.jpg
40161,Girls,Apparel,Bottomwear,Capris,White,Casual,Gini and Jony Girls White Pedal Pusher,40161.jpg,http://assets.myntassets.com/v1/images/style/properties/6e21690083517422e4556c1ad3d75ea6_images.jpg
29167,Girls,Apparel,Dress,Dresses,Red,Casual,United Colors of Benetton Girls Red Polka Dot Dress,29167.jpg,http://assets.myntassets.com/v1/images/style/properties/e963434f927a67a4cbfc412a54b852b0_images.jpg
2704,Girls,Apparel,Dress,Dresses,White,Casual,Disney Kids Girl's White Pooh Kidswear,2704.jpg,http://assets.myntassets.com/v1/images/style/properties/94e188c83a2bb83e8744db8e103808d8_images.jpg
33268,Girls,Apparel,Bottomwear,Shorts,Green,Casual,Gini and Jony Girls Green Shorts,33268.jpg,http://assets.myntassets.com/v1/images/style/properties/e772cf08b8fd48b500310611db8b931b_images.jpg
5438,Girls,Apparel,Topwear,Tshirts,Blue,Casual,Ant Kids Girl's Humming Birds Blue Kidswear,5438.jpg,http://assets.myntassets.com/v1/images/style/properties/c80a974a5e81c439cdbd5d8a59aa8d54_images.jpg
39830,Girls,Apparel,Bottomwear,Shorts,Purple,Casual,Gini and Jony Girls Core Purple Shorts,39830.jpg,http://assets.myntassets.com/v1/images/style/properties/c8a5e7314bab3b9557c09077fcd28112_images.jpg
46815,Girls,Apparel,Topwear,Tops,Yellow,Casual,Gini and Jony Girls Yellow Top,46815.jpg,http://assets.myntassets.com/v1/images/style/properties/2ad3ea22b139c15808ad70da68f51ef6_images.jpg
30726,Girls,Apparel,Topwear,Lehenga Choli,Blue,Ethnic,Fabindia Girls Printed Blue Lehenga Choli,30726.jpg,http://assets.myntassets.com/v1/images/style/properties/6d7c154f64e508acf28fd45812fdb1c5_images.jpg
37576,Girls,Apparel,Socks,Booties,White,Casual,Madagascar 3 Infant Girls White Booties,37576.jpg,http://assets.myntassets.com/v1/images/style/properties/fb0b4f85873f045107207dd9da40e56c_images.jpg
41309,Girls,Apparel,Topwear,Tops,Peach,Casual,Gini and Jony Girls Woven Peach Top,41309.jpg,http://assets.myntassets.com/v1/images/style/properties/fd0eee34bc484a05520687ef5a0a26a6_images.jpg
5418,Girls,Apparel,Topwear,Tshirts,Pink,Casual,Ant Kids Girl's Pink Free Bird Kidswear,5418.jpg,http://assets.myntassets.com/v1/images/style/properties/5c751745fe84f403c47ecc8de29204fc_images.jpg
8359,Girls,Apparel,Topwear,Tshirts,Pink,Casual,Doodle Girl's Princess Cute Little Pink Kidswear,8359.jpg,http://assets.myntassets.com/v1/images/style/properties/705333ff633393a22cb5c229128afcc2_images.jpg
41996,Girls,Apparel,Dress,Dresses,Black,Casual,Gini and Jony Girls Roseatte Black Dress,41996.jpg,http://assets.myntassets.com/v1/images/style/properties/f5269807c67744106c686230fa42184b_images.jpg
39329,Girls,Apparel,Bottomwear,Shorts,Green,Casual,Gini and Jony Girls Green Shorts,39329.jpg,http://assets.myntassets.com/v1/images/style/properties/092ffa40994ee79053f16a7e93445890_images.jpg
37559,Girls,Apparel,Bottomwear,Shorts,Green,Casual,Madagascar3 Girls Green Shorts,37559.jpg,http://assets.myntassets.com/v1/images/style/properties/d51cfcda64ad50e35d55be5de01b7836_images.jpg
36752,Girls,Apparel,Apparel Set,Clothing Set,Yellow,Casual,Little Miss Girls Blazing Yellow Clothing Set,36752.jpg,http://assets.myntassets.com/v1/images/style/properties/b2155f164df0ce2449e38487ff866c13_images.jpg
40938,Girls,Apparel,Topwear,Tops,Magenta,Casual,Gini and Jony Girls Nautical Blues Magenta Top,40938.jpg,http://assets.myntassets.com/v1/images/style/properties/645760cc3bc8c146e0ece082e459f815_images.jpg
27225,Girls,Apparel,Dress,Dresses,Pink,Casual,Doodle Girls Printed Pink Dress,27225.jpg,http://assets.myntassets.com/v1/images/style/properties/f5b8cd2374234a263ca6bed01bbc9e9c_images.jpg
41004,Girls,Apparel,Bottomwear,Skirts,Navy Blue,Casual,Gini and Jony Girls Woven Navy Blue Skirts,41004.jpg,http://assets.myntassets.com/v1/images/style/properties/2bf32fea460685980d5257ba55aaa49b_images.jpg
39327,Girls,Apparel,Bottomwear,Leggings,Green,Casual,Gini and Jony Girls Green Leggings,39327.jpg,http://assets.myntassets.com/v1/images/style/properties/03f85fe2045d6874c29c0818e6f5f57e_images.jpg
41307,Girls,Apparel,Topwear,Tops,Black,Casual,Gini and Jony Girls Black Top,41307.jpg,http://assets.myntassets.com/v1/images/style/properties/790803c7032789165bb07eab1e4a5883_images.jpg
38340,Girls,Apparel,Topwear,Tops,Off White,Casual,Mr. Men Little Miss Girls Off White Top,38340.jpg,http://assets.myntassets.com/v1/images/style/properties/864e3956926fcc6b2cdba1efdd560ae6_images.jpg
36750,Girls,Apparel,Dress,Dresses,Navy Blue,Casual,Little Miss Girls Chatterbox Navy Blue Dress,36750.jpg,http://assets.myntassets.com/v1/images/style/properties/0d3b2725d327a275c52c6f999e3982eb_images.jpg
40972,Girls,Apparel,Topwear,Tops,White,Casual,Palm Tree Girls Knits White Tops,40972.jpg,http://assets.myntassets.com/v1/images/style/properties/6ad4e27d85073205cafdd1edbd1d86f6_images.jpg
38334,Girls,Apparel,Topwear,Tops,White,Casual,Mr. Men Little Miss Girls White Printed Top,38334.jpg,http://assets.myntassets.com/v1/images/style/properties/a061fe79adf54e1bd0e55cb1f98cef0d_images.jpg
36213,Girls,Apparel,Topwear,Tops,Green,Casual,Gini And Jony Girls Striped Green Top,36213.jpg,http://assets.myntassets.com/v1/images/style/properties/81cc4b694585c8887b778e5800790159_images.jpg
38482,Girls,Apparel,Topwear,Tops,Yellow,Casual,Gini and Jony Girls Milan Yellow Tops,38482.jpg,http://assets.myntassets.com/v1/images/style/properties/750c2cea95d717a22e0982f291184651_images.jpg
35445,Girls,Apparel,Topwear,Tops,Pink,Casual,Doodle Girls Pink Top,35445.jpg,http://assets.myntassets.com/v1/images/style/properties/fda6080ccd07d1cbcf8501f6576caeb7_images.jpg
8371,Girls,Apparel,Topwear,Tshirts,Yellow,Casual,Doodle Girl's Dont Worry Hippie Yellow Teen Kidswear,8371.jpg,http://assets.myntassets.com/v1/images/style/properties/7918b015029fad3d8108d7f07a5867e2_images.jpg
41005,Girls,Apparel,Bottomwear,Skirts,Navy Blue,Casual,Gini and Jony Girls Woven Navy Blue Skirts,41005.jpg,http://assets.myntassets.com/v1/images/style/properties/b4041ce696bb86167788d4e6304accac_images.jpg
38944,Girls,Apparel,Topwear,Tops,White,Casual,Gini and Jony Girls Printed White Top,38944.jpg,http://assets.myntassets.com/v1/images/style/properties/3fd274b944ca2c73d22a3916686de876_images.jpg
41963,Girls,Apparel,Topwear,Tops,Green,Casual,Gini and Jony Girls Core Green Top,41963.jpg,http://assets.myntassets.com/v1/images/style/properties/bb955e5cf17ce286a156470cdf4defd8_images.jpg
42419,Girls,Apparel,Topwear,Tops,White,Casual,Gini and Jony Girls Knit White Top,42419.jpg,http://assets.myntassets.com/v1/images/style/properties/f3964f76c78edd85f4512d98b26d52e9_images.jpg
8380,Girls,Apparel,Topwear,Tops,Purple,Casual,Doodle Girls Purple Printed Top,8380.jpg,http://assets.myntassets.com/v1/images/style/properties/Doodle-Girls-Raw-Edges-Purple-Kidswear_9beaeb92ce20d937f14c9f255527641a_images.jpg
40144,Girls,Apparel,Topwear,Tops,Pink,Casual,Gini and Jony Girls Pretty Blossom Pink Top,40144.jpg,http://assets.myntassets.com/v1/images/style/properties/1397081a5a637d539b0197aae4a6855e_images.jpg
34061,Girls,Apparel,Dress,Dresses,Magenta,Casual,Gini and Jony Girls Printed White & Pink Dress,34061.jpg,http://assets.myntassets.com/v1/images/style/properties/23feaca5229fc9d843bddc530fb8a686_images.jpg
41007,Girls,Apparel,Bottomwear,Shorts,Navy Blue,Casual,Gini and Jony Girls Woven Navy Blue Shorts,41007.jpg,http://assets.myntassets.com/v1/images/style/properties/7195b148c3b6b41cf4ad730cbe7abbcb_images.jpg
29166,Girls,Apparel,Dress,Dresses,Navy Blue,Casual,United Colors of Benetton Girls Polka Dot Navy Blue Dress,29166.jpg,http://assets.myntassets.com/v1/images/style/properties/United-Colors-of-Benetton-Girls-Polka-Dot-Navy-Blue-Dress_fb4f5a434ade4269cbb20584b1c93e71_images.jpg
43585,Girls,Apparel,Topwear,Tops,Pink,Casual,Gini and Jony Girls Pink Top,43585.jpg,http://assets.myntassets.com/v1/images/style/properties/e099b934c68680f2e6523c72d1c146ad_images.jpg
2699,Girls,Apparel,Dress,Dresses,Pink,Casual,Disney Kids Girls Disney girl pink pooh top Kidswear,2699.jpg,http://assets.myntassets.com/v1/images/style/properties/b0adc32abb112ca04fbd6cd77c3951fa_images.jpg
31123,Girls,Apparel,Topwear,Tops,White,Casual,Gini and Jony Girls Printed White Top,31123.jpg,http://assets.myntassets.com/v1/images/style/properties/e5ab9943bfac739c222a761537e8b147_images.jpg
37563,Girls,Apparel,Topwear,Rompers,White,Casual,Madagascar3 Infant Boys White Snapsuit Romper,37563.jpg,http://assets.myntassets.com/v1/images/style/properties/6848fc75c01a98d99716e295d8230349_images.jpg
33153,Girls,Apparel,Topwear,Tops,White,Casual,Gini and Jony Girls Printed White Top,33153.jpg,http://assets.myntassets.com/v1/images/style/properties/c14e81ba38e2b61da5e76b91c23e6a33_images.jpg
39845,Girls,Apparel,Topwear,Tops,Green,Casual,Gini And Jony Girls Striped Green Top,39845.jpg,http://assets.myntassets.com/v1/images/style/properties/49266dcf0cb4b975fa26fcc6a4d8a6df_images.jpg
2715,Girls,Apparel,Topwear,Tops,Orange,Casual,Disney Kids Girl's Minnie Orange Stripped Kidswear,2715.jpg,http://assets.myntassets.com/v1/images/style/properties/72dac0cf10225d04f75b8c123a47156b_images.jpg
4720,Girls,Apparel,Topwear,Tshirts,Yellow,Casual,Disney Kids Girl's Fun In The Fair Yellow Teen Kidswear,4720.jpg,http://assets.myntassets.com/v1/images/style/properties/4c35804275294e78210e4dcf86686652_images.jpg
33256,Girls,Apparel,Topwear,Tshirts,Blue,Casual,Gini and Jony Girls Printed Blue T-shirt,33256.jpg,http://assets.myntassets.com/v1/images/style/properties/3f57e7154fb880bedfac424c073737a2_images.jpg
37202,Girls,Apparel,Bottomwear,Jeans,Grey,Casual,United Colors of Benetton Girls Washed Grey Jeans,37202.jpg,http://assets.myntassets.com/v1/images/style/properties/57869f6be3a6d523b67e3599c092d22e_images.jpg
38287,Girls,Apparel,Topwear,Tops,Pink,Casual,Kids Ville Girls Pink Top,38287.jpg,http://assets.myntassets.com/v1/images/style/properties/87ef8116c0b4a4092e30c07d2ddc6263_images.jpg
43586,Girls,Apparel,Dress,Dresses,Blue,Casual,Gini and Jony Girls Blue Saloppette,43586.jpg,http://assets.myntassets.com/v1/images/style/properties/7e9d58b38746d75be648d2affbc72197_images.jpg
21853,Girls,Apparel,Topwear,Tshirts,Orange,Casual,Chhota Bheem Kids Girls Sea Princess Light Orange T-shirt,21853.jpg,http://assets.myntassets.com/v1/images/style/properties/c6f8270f8dbed74b6f818d4ad78cddf4_images.jpg
24993,Girls,Apparel,Bottomwear,Shorts,Navy Blue,Casual,United Colors of Benetton Kids Girls Navy Blue Shorts,24993.jpg,http://assets.myntassets.com/v1/images/style/properties/b1a94a17b2b13411e7d752a48002c041_images.jpg
47151,Girls,Apparel,Bottomwear,Capris,Black,Casual,Gini and Jony Kids Girls Black Capris,47151.jpg,http://assets.myntassets.com/v1/images/style/properties/Palm-Tree-Boys-Black-Capris_10487e9be9dbdeeb1e90b88cdca5fd4f_images.jpg
31126,Girls,Apparel,Dress,Dresses,White,Casual,Gini and Jony Girls White Dress,31126.jpg,http://assets.myntassets.com/v1/images/style/properties/97c4ba68f6dd479533fd38fa8224ebf9_images.jpg
37571,Girls,Apparel,Topwear,Tops,Green,Casual,Madagascar3 Infant Girls Light Green Spaghetti Top,37571.jpg,http://assets.myntassets.com/v1/images/style/properties/3773621f9d0a099fd78c453cbe222f14_images.jpg
4719,Girls,Apparel,Topwear,Tshirts,White,Casual,Disney Kids Girl's Fun In The Fair White Teen Kidswear,4719.jpg,http://assets.myntassets.com/v1/images/style/properties/e3cf45e69f2094c323a28af4369c903e_images.jpg
38945,Girls,Apparel,Topwear,Tops,White,Casual,Gini and Jony Girls Printed White Top,38945.jpg,http://assets.myntassets.com/v1/images/style/properties/8eec0347ac13be340a3a1abb22dd24d5_images.jpg
41002,Girls,Apparel,Bottomwear,Skirts,Blue,Casual,Gini and Jony Girls Woven Blue Skirt,41002.jpg,http://assets.myntassets.com/v1/images/style/properties/6d1c48d3ca64df82e7faf51e42d36db6_images.jpg
18178,Girls,Apparel,Topwear,Tops,Black,Casual,Doodle Kids Girls Black Layer Top,18178.jpg,http://assets.myntassets.com/v1/images/style/properties/Doodle-Kids-Girls-Black-Layer-Top_dcc17daa6b5346d3c6256506953772b1_images.jpg
36727,Girls,Apparel,Topwear,Tops,Blue,Casual,Gini and Jony Girls Printed Blue Top,36727.jpg,http://assets.myntassets.com/v1/images/style/properties/c0a4c887d2798f0ca40c1d0ffff0a9ea_images.jpg
37603,Girls,Apparel,Topwear,Tshirts,Purple,Casual,Madagascar3 Girls Purple Printed T-Shirt,37603.jpg,http://assets.myntassets.com/v1/images/style/properties/26cb9d78de9ebc67bfabbe53d115b0e4_images.jpg
35442,Girls,Apparel,Topwear,Tops,White,Casual,Doodle Girls Printed White Top,35442.jpg,http://assets.myntassets.com/v1/images/style/properties/9379337bd2128b08d61013ce51ff6758_images.jpg
38947,Girls,Apparel,Topwear,Tops,Green,Casual,Gini and Jony Girls Printed Green Top,38947.jpg,http://assets.myntassets.com/v1/images/style/properties/73a5142004af33e2e57bc6dfd086be88_images.jpg
5575,Girls,Apparel,Bottomwear,Skirts,Green,Casual,Ant Kids Girl's Green Kidswear,5575.jpg,http://assets.myntassets.com/v1/images/style/properties/f2ec93a92dc6cc6c41e9442f3e1f7d7a_images.jpg
2717,Girls,Apparel,Topwear,Tops,Blue,Casual,Disney Kids Girls  Kidswear,2717.jpg,http://assets.myntassets.com/v1/images/style/properties/37019d0cb2a42dd7263ab83ba79715f4_images.jpg
38768,Girls,Apparel,Topwear,Tshirts,Blue,Casual,Gini and Jony Girls Printed Blue T-shirt,38768.jpg,http://assets.myntassets.com/v1/images/style/properties/60c8febe16799a11be9df26f95d3b8a1_images.jpg
34152,Girls,Apparel,Topwear,Tops,Blue,Casual,Gini and Jony Girls Blue Top,34152.jpg,http://assets.myntassets.com/v1/images/style/properties/b2c281344b9a34f7e709022b0495f06b_images.jpg
37584,Girls,Apparel,Topwear,Rompers,Green,Casual,Madagascar3 Infant Girls Light Green Snapsuit Romper,37584.jpg,http://assets.myntassets.com/v1/images/style/properties/b0f15bb0824c42f58f306efc5355387d_images.jpg
38949,Girls,Apparel,Topwear,Tops,Pink,Casual,Gini and Jony Girls Printed Pink Top,38949.jpg,http://assets.myntassets.com/v1/images/style/properties/85fc195f1469f2d70d3f889e24f443f0_images.jpg
8384,Girls,Apparel,Topwear,Tshirts,Orange,Casual,Doodle Girl's Hippie Chic Orange Kidswear,8384.jpg,http://assets.myntassets.com/v1/images/style/properties/243eae8f457007dd9639d4851cc38f10_images.jpg
24943,Girls,Apparel,Topwear,Tshirts,White,Casual,United Colors of Benetton Kids Girls White T-shirt,24943.jpg,http://assets.myntassets.com/v1/images/style/properties/788904686845d131b3080703b7ed833f_images.jpg
2741,Girls,Apparel,Topwear,Tops,Pink,Casual,Disney Kids Girl's Pink Kidswear,2741.jpg,http://assets.myntassets.com/v1/images/style/properties/cf8defc53a6242dc720dc826c169ca11_images.jpg
31177,Girls,Apparel,Topwear,Tops,Red,Casual,Gini and Jony Girls Red Top,31177.jpg,http://assets.myntassets.com/v1/images/style/properties/04c7ce1d3a06c0c4d457ac1cc9f963ac_images.jpg
4216,Girls,Apparel,Topwear,Tshirts,Yellow,Casual,Disney Kids Girl's Yellow Fun In The Fair Kidswear,4216.jpg,http://assets.myntassets.com/v1/images/style/properties/3458de8c3de523b83e802072d4c7be75_images.jpg
38932,Girls,Apparel,Bottomwear,Leggings,Pink,Casual,Gini and Jony Girls Pink Leggings,38932.jpg,http://assets.myntassets.com/v1/images/style/properties/26f973eed1520b7c7a843068aed85a9a_images.jpg
2730,Girls,Apparel,Topwear,Tops,Red,Casual,Disney Kids Girl's Red Round Neck Kidswear,2730.jpg,http://assets.myntassets.com/v1/images/style/properties/f8e9d4b05e862f363784a8921bb44049_images.jpg
2702,Girls,Apparel,Topwear,Shirts,Blue,Casual,Disney Kids Girl's Blue Check Kidswear Shirt,2702.jpg,http://assets.myntassets.com/v1/images/style/properties/9b347b32ebb06258003a14103ac0b699_images.jpg
39847,Girls,Apparel,Topwear,Tops,Pink,Casual,Gini and Jony Girls Printed Pink Top,39847.jpg,http://assets.myntassets.com/v1/images/style/properties/9b259b5381adce3947068eb78970c5ca_images.jpg
37588,Girls,Apparel,Topwear,Tshirts,Pink,Casual,Madagascar3 Infant Girls Pink  T-Shirt,37588.jpg,http://assets.myntassets.com/v1/images/style/properties/71ad4f3dab039bf26ca14412ead946b5_images.jpg
41301,Girls,Apparel,Topwear,Tshirts,Pink,Casual,Gini and Jony Grils Polo Striped Pink T-shirt,41301.jpg,http://assets.myntassets.com/v1/images/style/properties/a11870999fdfd6a85cd2b5d5dad480ee_images.jpg
8419,Girls,Apparel,Topwear,Tshirts,Blue,Casual,Doodle Girl's Crazy Funny Blue Teen Kidswear,8419.jpg,http://assets.myntassets.com/v1/images/style/properties/13183fbc6e5e55b520a55c466db07056_images.jpg
42592,Girls,Apparel,Dress,Dresses,Pink,Casual,United Colors of Benetton Kids Girls Pink Printed Dress,42592.jpg,http://assets.myntassets.com/v1/images/style/properties/9144d031e862031c402cbf70d5f3493a_images.jpg
33273,Girls,Apparel,Bottomwear,Leggings,Green,Casual,Gini and Jony Girls Green Leggings,33273.jpg,http://assets.myntassets.com/v1/images/style/properties/af204143b572139b0a902fb892067945_images.jpg
39330,Girls,Apparel,Bottomwear,Skirts,White,Casual,Gini & Jony Girls White Skirt,39330.jpg,http://assets.myntassets.com/v1/images/style/properties/68ce555aa0551e21e160f8f248f4eba7_images.jpg
39009,Girls,Apparel,Topwear,Tops,Pink,Casual,Gini and Jony Girls Pretty Pink Top,39009.jpg,http://assets.myntassets.com/v1/images/style/properties/33fcff5e472a1f64c56088da1e15030a_images.jpg
34110,Girls,Apparel,Topwear,Tops,Red,Casual,Doodle Girls Printed Red Top,34110.jpg,http://assets.myntassets.com/v1/images/style/properties/a85afef861225e35fc17f1a48ce9d7e8_images.jpg
38326,Girls,Apparel,Topwear,Tops,Pink,Casual,Hannah Montana Girls Pink Printed Top,38326.jpg,http://assets.myntassets.com/v1/images/style/properties/1e362eb632a23a34570c7bf9833aa1e4_images.jpg
8372,Girls,Apparel,Topwear,Tshirts,Blue,Casual,Doodle Girl's Dont Worry Hippie Teal Blue Kidswear,8372.jpg,http://assets.myntassets.com/v1/images/style/properties/46e034185465bf428698c0fc3b611964_images.jpg
2718,Girls,Apparel,Topwear,Tops,Red,Casual,Disney Kids Girl's Red Pooh Kidswear,2718.jpg,http://assets.myntassets.com/v1/images/style/properties/c0b9b2be40cb0b5a14ec4ee6cee24db4_images.jpg
52128,Girls,Apparel,Dress,Dresses,Blue,Casual,Doodle Girls Blue Washed Dress,52128.jpg,http://assets.myntassets.com/v1/images/style/properties/d57770bf96700837054e5603695a3a39_images.jpg
17612,Girls,Apparel,Topwear,Tshirts,Grey,Casual,Doodle Cute Girls  Grey Tshirt,17612.jpg,http://assets.myntassets.com/v1/images/style/properties/7fc0dc0e751be847d706620fdd3802f7_images.jpg
38950,Girls,Apparel,Topwear,Tops,White,Casual,Palm Tree Girls White Top,38950.jpg,http://assets.myntassets.com/v1/images/style/properties/12a35e94f39d6d0af5327dc7d3762bdd_images.jpg
43688,Girls,Apparel,Topwear,Tops,Pink,Casual,Doodle Girls Pink Top,43688.jpg,http://assets.myntassets.com/v1/images/style/properties/a2c6d8bd84ebea6950a692f6190e1c63_images.jpg
40941,Girls,Apparel,Topwear,Tops,Pink,Casual,Gini and Jony Girls Pretty Pink Top,40941.jpg,http://assets.myntassets.com/v1/images/style/properties/bc025ebc8384d35559c6681c218a8760_images.jpg
31124,Girls,Apparel,Dress,Dresses,Magenta,Casual,Gini and Jony Girls Pink Dress,31124.jpg,http://assets.myntassets.com/v1/images/style/properties/ca42f258e4af547f2bcee557ff427968_images.jpg
41757,Girls,Apparel,Topwear,Tops,Yellow,Casual,Doodle Girls Printed Yellow Top,41757.jpg,http://assets.myntassets.com/v1/images/style/properties/f94d86d19cf73000631c87f51ebf4ff3_images.jpg
34163,Girls,Apparel,Topwear,Tops,White,Casual,Gini and Jony Girls White Top,34163.jpg,http://assets.myntassets.com/v1/images/style/properties/754bd69c15f4c1112d458a73fbba196c_images.jpg
35450,Girls,Apparel,Topwear,Tops,White,Casual,Doodle Girls Printed White Top,35450.jpg,http://assets.myntassets.com/v1/images/style/properties/42ce8327e397e04e96d09e9cd367df8a_images.jpg
37633,Girls,Apparel,Topwear,Tshirts,Purple,Casual,Madagascar3 Girls Purple Printed T-Shirt,37633.jpg,http://assets.myntassets.com/v1/images/style/properties/58df87e98cc93207b9fc389b725487c3_images.jpg
34006,Girls,Apparel,Topwear,Tops,Purple,Casual,Gini and Jony Girls Purple Top,34006.jpg,http://assets.myntassets.com/v1/images/style/properties/5c2900e691bb0b900efbb994abaa3051_images.jpg
33151,Girls,Apparel,Topwear,Tops,Pink,Casual,Gini and Jony Girls Printed Pink Top,33151.jpg,http://assets.myntassets.com/v1/images/style/properties/ca67b9192c78f27f924e325d32bbf50d_images.jpg
8378,Girls,Apparel,Topwear,Tshirts,Green,Casual,Doodle Girl's Princess Lime Kidswear,8378.jpg,http://assets.myntassets.com/v1/images/style/properties/3877b9da648c16c969b043643426be71_images.jpg
35434,Girls,Apparel,Dress,Dresses,Blue,Casual,Doodle Girls Printed Blue Dress,35434.jpg,http://assets.myntassets.com/v1/images/style/properties/eb803400e8bf3cda9278c172dcb5df4b_images.jpg
34011,Girls,Apparel,Topwear,Tops,White,Casual,Gini and Jony Girls Printed White Top,34011.jpg,http://assets.myntassets.com/v1/images/style/properties/c2c52e32e52af853214705664149f839_images.jpg
39746,Girls,Apparel,Topwear,Tops,Black,Casual,Gini Jony Girls Black Top,39746.jpg,http://assets.myntassets.com/v1/images/style/properties/0ff52208b1d00ff93a5752886c328530_images.jpg
8382,Girls,Apparel,Topwear,Tshirts,Blue,Casual,Doodle Girl's Raw Edges Light Blue Kidswear,8382.jpg,http://assets.myntassets.com/v1/images/style/properties/52f6936ed0d2fa4736209c5a24e26081_images.jpg
30729,Girls,Apparel,Bottomwear,Salwar,Blue,Ethnic,Fabindia Girls Printed Blue Salwar,30729.jpg,http://assets.myntassets.com/v1/images/style/properties/8f1136a979a7fd379124fc408c6288dc_images.jpg
2716,Girls,Apparel,Topwear,Tops,Red,Casual,Disney Kids Girl's Minnie Red Stripped Kidswear,2716.jpg,http://assets.myntassets.com/v1/images/style/properties/9366437c28adc7c0eaaa749d6bd36c30_images.jpg
46834,Girls,Apparel,Bottomwear,Capris,Blue,Casual,Gini and Jony Girls Blue Capris,46834.jpg,http://assets.myntassets.com/v1/images/style/properties/Gini-and-Jony-Girls-Blue-Capris_6a9d2bc4061d288872e391cd1a4b5ffc_images.jpg
36729,Girls,Apparel,Topwear,Tops,Pink,Casual,Gini and Jony Girls Printed Pink Top,36729.jpg,http://assets.myntassets.com/v1/images/style/properties/f49baabda694ec6c54103a9584da0427_images.jpg
50719,Girls,Apparel,Topwear,Tops,Red,Casual,Doodle Girls Red Printed Top,50719.jpg,http://assets.myntassets.com/v1/images/style/properties/9c3c4ce6364de301f02d3d43c72e0fe8_images.jpg
8415,Girls,Apparel,Topwear,Tshirts,White,Casual,Doodle Girl's Hippie Chic White Teen Kidswear,8415.jpg,http://assets.myntassets.com/v1/images/style/properties/195a46e99bd3c51e2f88fe777e23bdf4_images.jpg
24985,Girls,Apparel,Topwear,Tops,Pink,Casual,United Colors of Benetton Kids Girls Pink Printed Top,24985.jpg,http://assets.myntassets.com/v1/images/style/properties/6e3231084adf839cd0d0259b6b0cc4f7_images.jpg
40991,Girls,Apparel,Topwear,Tops,Yellow,Casual,Gini and Jony Girls Milan Yellow Top,40991.jpg,http://assets.myntassets.com/v1/images/style/properties/3bb5319e26f0e04b8794c92e3988a122_images.jpg
40944,Girls,Apparel,Topwear,Tops,Pink,Casual,Gini and Jony Girls Kitch Bright Pink Top,40944.jpg,http://assets.myntassets.com/v1/images/style/properties/4a38164d5a28a7aec1da521f5950849c_images.jpg
41310,Girls,Apparel,Topwear,Tops,White,Casual,Gini and Jony Girls Knits White Top,41310.jpg,http://assets.myntassets.com/v1/images/style/properties/b4eb0635acf3f7225c34eaef205608f6_images.jpg
